Name,link
,
,
"APPLE iPhone 11 (White, 128 GB)",/apple-iphone-11-white-128-gb/p/itme32df47ea6742?pid=MOBFWQ6B7KKRXDDS&lid=LSTMOBFWQ6B7KKRXDDSULUZ0N&marketplace=FLIPKART&q=iphone&store=tyy%2F4io&srno=s_1_1&otracker=search&otracker1=search&fm=organic&iid=eeaadc85-c4f3-4ae7-8334-0b821687daab.MOBFWQ6B7KKRXDDS.SEARCH&ppt=None&ppn=None&ssid=p0ygq1rd340000001675923134060&qH=0b3f45b266a97d70
"APPLE iPhone 14 (Starlight, 128 GB)",/apple-iphone-14-starlight-128-gb/p/itm3485a56f6e676?pid=MOBGHWFHABH3G73H&lid=LSTMOBGHWFHABH3G73HRLIX56&marketplace=FLIPKART&q=iphone&store=tyy%2F4io&srno=s_1_2&otracker=search&otracker1=search&fm=organic&iid=eeaadc85-c4f3-4ae7-8334-0b821687daab.MOBGHWFHABH3G73H.SEARCH&ppt=None&ppn=None&ssid=p0ygq1rd340000001675923134060&qH=0b3f45b266a97d70
"APPLE iPhone 14 (Midnight, 128 GB)",/apple-iphone-14-midnight-128-gb/p/itm9e6293c322a84?pid=MOBGHWFHECFVMDCX&lid=LSTMOBGHWFHECFVMDCXBOYSND&marketplace=FLIPKART&q=iphone&store=tyy%2F4io&srno=s_1_3&otracker=search&otracker1=search&fm=organic&iid=eeaadc85-c4f3-4ae7-8334-0b821687daab.MOBGHWFHECFVMDCX.SEARCH&ppt=None&ppn=None&ssid=p0ygq1rd340000001675923134060&qH=0b3f45b266a97d70
"APPLE iPhone 14 (Purple, 128 GB)",/apple-iphone-14-purple-128-gb/p/itm0b581eba85e08?pid=MOBGHWFHQFSQYBFU&lid=LSTMOBGHWFHQFSQYBFUSBTOEU&marketplace=FLIPKART&q=iphone&store=tyy%2F4io&srno=s_1_4&otracker=search&otracker1=search&fm=organic&iid=eeaadc85-c4f3-4ae7-8334-0b821687daab.MOBGHWFHQFSQYBFU.SEARCH&ppt=None&ppn=None&ssid=p0ygq1rd340000001675923134060&qH=0b3f45b266a97d70
"APPLE iPhone 14 (Blue, 128 GB)",/apple-iphone-14-blue-128-gb/p/itmdb77f40da6b6d?pid=MOBGHWFHSV7GUFWA&lid=LSTMOBGHWFHSV7GUFWA3AV8J8&marketplace=FLIPKART&q=iphone&store=tyy%2F4io&spotlightTagId=BestsellerId_tyy%2F4io&srno=s_1_5&otracker=search&otracker1=search&fm=organic&iid=eeaadc85-c4f3-4ae7-8334-0b821687daab.MOBGHWFHSV7GUFWA.SEARCH&ppt=None&ppn=None&ssid=p0ygq1rd340000001675923134060&qH=0b3f45b266a97d70
"APPLE iPhone 13 (Starlight, 128 GB)",/apple-iphone-13-starlight-128-gb/p/itmc9604f122ae7f?pid=MOBG6VF5ADKHKXFX&lid=LSTMOBG6VF5ADKHKXFXQGX7PK&marketplace=FLIPKART&q=iphone&store=tyy%2F4io&srno=s_1_6&otracker=search&otracker1=search&fm=organic&iid=eeaadc85-c4f3-4ae7-8334-0b821687daab.MOBG6VF5ADKHKXFX.SEARCH&ppt=None&ppn=None&ssid=p0ygq1rd340000001675923134060&qH=0b3f45b266a97d70
"APPLE iPhone 13 (Blue, 128 GB)",/apple-iphone-13-blue-128-gb/p/itm6c601e0a58b3c?pid=MOBG6VF5SMXPNQHG&lid=LSTMOBG6VF5SMXPNQHGH3DY6Z&marketplace=FLIPKART&q=iphone&store=tyy%2F4io&srno=s_1_7&otracker=search&otracker1=search&fm=organic&iid=eeaadc85-c4f3-4ae7-8334-0b821687daab.MOBG6VF5SMXPNQHG.SEARCH&ppt=None&ppn=None&ssid=p0ygq1rd340000001675923134060&qH=0b3f45b266a97d70
"APPLE iPhone 11 (Black, 128 GB)",/apple-iphone-11-black-128-gb/p/itm8244e8d955aba?pid=MOBFWQ6BKRYBP5X8&lid=LSTMOBFWQ6BKRYBP5X8IBG6BS&marketplace=FLIPKART&q=iphone&store=tyy%2F4io&srno=s_1_8&otracker=search&otracker1=search&fm=organic&iid=eeaadc85-c4f3-4ae7-8334-0b821687daab.MOBFWQ6BKRYBP5X8.SEARCH&ppt=None&ppn=None&ssid=p0ygq1rd340000001675923134060&qH=0b3f45b266a97d70
"APPLE iPhone 12 (Black, 128 GB)",/apple-iphone-12-black-128-gb/p/itmf1f0a58f1ecd7?pid=MOBFWBYZK3HACR72&lid=LSTMOBFWBYZK3HACR72T8MSUQ&marketplace=FLIPKART&q=iphone&store=tyy%2F4io&srno=s_1_9&otracker=search&otracker1=search&fm=organic&iid=eeaadc85-c4f3-4ae7-8334-0b821687daab.MOBFWBYZK3HACR72.SEARCH&ppt=None&ppn=None&ssid=p0ygq1rd340000001675923134060&qH=0b3f45b266a97d70
"APPLE iPhone 14 Plus (Midnight, 128 GB)",/apple-iphone-14-plus-midnight-128-gb/p/itm4199ea6bcd38b?pid=MOBGHWFH3JX6NWWY&lid=LSTMOBGHWFH3JX6NWWYMPOXPI&marketplace=FLIPKART&q=iphone&store=tyy%2F4io&srno=s_1_10&otracker=search&otracker1=search&fm=organic&iid=eeaadc85-c4f3-4ae7-8334-0b821687daab.MOBGHWFH3JX6NWWY.SEARCH&ppt=None&ppn=None&ssid=p0ygq1rd340000001675923134060&qH=0b3f45b266a97d70
"APPLE iPhone 11 (White, 64 GB)",/apple-iphone-11-white-64-gb/p/itmfc6a7091eb20b?pid=MOBFWQ6BVWVEH3XE&lid=LSTMOBFWQ6BVWVEH3XEMXQMLO&marketplace=FLIPKART&q=iphone&store=tyy%2F4io&srno=s_1_11&otracker=search&otracker1=search&fm=organic&iid=eeaadc85-c4f3-4ae7-8334-0b821687daab.MOBFWQ6BVWVEH3XE.SEARCH&ppt=None&ppn=None&ssid=p0ygq1rd340000001675923134060&qH=0b3f45b266a97d70
"APPLE iPhone 13 (Midnight, 128 GB)",/apple-iphone-13-midnight-128-gb/p/itmca361aab1c5b0?pid=MOBG6VF5Q82T3XRS&lid=LSTMOBG6VF5Q82T3XRSOXJLM9&marketplace=FLIPKART&q=iphone&store=tyy%2F4io&srno=s_1_12&otracker=search&otracker1=search&fm=organic&iid=eeaadc85-c4f3-4ae7-8334-0b821687daab.MOBG6VF5Q82T3XRS.SEARCH&ppt=None&ppn=None&ssid=p0ygq1rd340000001675923134060&qH=0b3f45b266a97d70
"APPLE iPhone 14 Plus (Purple, 128 GB)",/apple-iphone-14-plus-purple-128-gb/p/itm7a759a472d863?pid=MOBGHWFHYFJWRHAG&lid=LSTMOBGHWFHYFJWRHAGU5GXS3&marketplace=FLIPKART&q=iphone&store=tyy%2F4io&srno=s_1_13&otracker=search&otracker1=search&fm=organic&iid=eeaadc85-c4f3-4ae7-8334-0b821687daab.MOBGHWFHYFJWRHAG.SEARCH&ppt=None&ppn=None&ssid=p0ygq1rd340000001675923134060&qH=0b3f45b266a97d70
"APPLE iPhone 12 (Purple, 128 GB)",/apple-iphone-12-purple-128-gb/p/itmebc78f1cb26d3?pid=MOBG2EPZK5ZD9KYS&lid=LSTMOBG2EPZK5ZD9KYSOG4BIP&marketplace=FLIPKART&q=iphone&store=tyy%2F4io&srno=s_1_14&otracker=search&otracker1=search&fm=organic&iid=eeaadc85-c4f3-4ae7-8334-0b821687daab.MOBG2EPZK5ZD9KYS.SEARCH&ppt=None&ppn=None&ssid=p0ygq1rd340000001675923134060&qH=0b3f45b266a97d70
"APPLE iPhone 14 (Purple, 256 GB)",/apple-iphone-14-purple-256-gb/p/itmb2bf402090fae?pid=MOBGHWFHQHE7ZPSB&lid=LSTMOBGHWFHQHE7ZPSBUUK6V6&marketplace=FLIPKART&q=iphone&store=tyy%2F4io&srno=s_1_15&otracker=search&otracker1=search&fm=organic&iid=eeaadc85-c4f3-4ae7-8334-0b821687daab.MOBGHWFHQHE7ZPSB.SEARCH&ppt=None&ppn=None&ssid=p0ygq1rd340000001675923134060&qH=0b3f45b266a97d70
"APPLE iPhone 14 Plus (Starlight, 128 GB)",/apple-iphone-14-plus-starlight-128-gb/p/itmc922ddc8af349?pid=MOBGHWFHVCB2YZYR&lid=LSTMOBGHWFHVCB2YZYRJBXXVM&marketplace=FLIPKART&q=iphone&store=tyy%2F4io&srno=s_1_16&otracker=search&otracker1=search&fm=organic&iid=eeaadc85-c4f3-4ae7-8334-0b821687daab.MOBGHWFHVCB2YZYR.SEARCH&ppt=None&ppn=None&ssid=p0ygq1rd340000001675923134060&qH=0b3f45b266a97d70
"APPLE iPhone 14 Plus (Blue, 128 GB)",/apple-iphone-14-plus-blue-128-gb/p/itmac8385391b02b?pid=MOBGHWFHUYWGB5F2&lid=LSTMOBGHWFHUYWGB5F2PCWBUL&marketplace=FLIPKART&q=iphone&store=tyy%2F4io&srno=s_1_17&otracker=search&otracker1=search&fm=organic&iid=eeaadc85-c4f3-4ae7-8334-0b821687daab.MOBGHWFHUYWGB5F2.SEARCH&ppt=None&ppn=None&ssid=p0ygq1rd340000001675923134060&qH=0b3f45b266a97d70
"APPLE iPhone 12 (White, 128 GB)",/apple-iphone-12-white-128-gb/p/itm95393f4c6cc59?pid=MOBFWBYZBTZFGJF9&lid=LSTMOBFWBYZBTZFGJF9RAHZAK&marketplace=FLIPKART&q=iphone&store=tyy%2F4io&srno=s_1_18&otracker=search&otracker1=search&fm=organic&iid=eeaadc85-c4f3-4ae7-8334-0b821687daab.MOBFWBYZBTZFGJF9.SEARCH&ppt=None&ppn=None&ssid=p0ygq1rd340000001675923134060&qH=0b3f45b266a97d70
"APPLE iPhone 14 (Midnight, 256 GB)",/apple-iphone-14-midnight-256-gb/p/itmdb32e3c997112?pid=MOBGHWFH4H3MMRAA&lid=LSTMOBGHWFH4H3MMRAAO7KNHD&marketplace=FLIPKART&q=iphone&store=tyy%2F4io&srno=s_1_19&otracker=search&otracker1=search&fm=organic&iid=eeaadc85-c4f3-4ae7-8334-0b821687daab.MOBGHWFH4H3MMRAA.SEARCH&ppt=None&ppn=None&ssid=p0ygq1rd340000001675923134060&qH=0b3f45b266a97d70
"APPLE iPhone 11 (Black, 64 GB)",/apple-iphone-11-black-64-gb/p/itm4e5041ba101fd?pid=MOBFWQ6BXGJCEYNY&lid=LSTMOBFWQ6BXGJCEYNYZXSHRJ&marketplace=FLIPKART&q=iphone&store=tyy%2F4io&srno=s_1_20&otracker=search&otracker1=search&fm=organic&iid=eeaadc85-c4f3-4ae7-8334-0b821687daab.MOBFWQ6BXGJCEYNY.SEARCH&ppt=None&ppn=None&ssid=p0ygq1rd340000001675923134060&qH=0b3f45b266a97d70
"APPLE iPhone 14 (Blue, 256 GB)",/apple-iphone-14-blue-256-gb/p/itm04dba659735c7?pid=MOBGHWFHD3XPKDPN&lid=LSTMOBGHWFHD3XPKDPNALKCFJ&marketplace=FLIPKART&q=iphone&store=tyy%2F4io&srno=s_1_21&otracker=search&otracker1=search&fm=organic&iid=eeaadc85-c4f3-4ae7-8334-0b821687daab.MOBGHWFHD3XPKDPN.SEARCH&ppt=None&ppn=None&ssid=p0ygq1rd340000001675923134060&qH=0b3f45b266a97d70
"APPLE iPhone 14 Plus (Purple, 256 GB)",/apple-iphone-14-plus-purple-256-gb/p/itm871debcfe760c?pid=MOBGHWFHNJZZRHEN&lid=LSTMOBGHWFHNJZZRHENYREPF6&marketplace=FLIPKART&q=iphone&store=tyy%2F4io&srno=s_1_22&otracker=search&otracker1=search&fm=organic&iid=eeaadc85-c4f3-4ae7-8334-0b821687daab.MOBGHWFHNJZZRHEN.SEARCH&ppt=None&ppn=None&ssid=p0ygq1rd340000001675923134060&qH=0b3f45b266a97d70
"APPLE iPhone 12 (Green, 128 GB)",/apple-iphone-12-green-128-gb/p/itm4e0a120f7d9c4?pid=MOBFWBYZQXUEHF48&lid=LSTMOBFWBYZQXUEHF484WD4A9&marketplace=FLIPKART&q=iphone&store=tyy%2F4io&srno=s_1_23&otracker=search&otracker1=search&fm=organic&iid=eeaadc85-c4f3-4ae7-8334-0b821687daab.MOBFWBYZQXUEHF48.SEARCH&ppt=None&ppn=None&ssid=p0ygq1rd340000001675923134060&qH=0b3f45b266a97d70
"APPLE iPhone 14 ((PRODUCT)RED, 128 GB)",/apple-iphone-14-product-red-128-gb/p/itm1f78a4e1a1d76?pid=MOBGHWFHFBJVSW22&lid=LSTMOBGHWFHFBJVSW22ERJSVZ&marketplace=FLIPKART&q=iphone&store=tyy%2F4io&srno=s_1_24&otracker=search&otracker1=search&fm=organic&iid=eeaadc85-c4f3-4ae7-8334-0b821687daab.MOBGHWFHFBJVSW22.SEARCH&ppt=None&ppn=None&ssid=p0ygq1rd340000001675923134060&qH=0b3f45b266a97d70
,
,
,
,
