landingUrl,Title,Product_link,Brand,Price,image
https://www.myer.com.au/search?pageNumber=1&query=lips,DIOR   Dior Addict Lip Glow Balm ,https://www.myer.com.au//p/dior-dior-addict-lip-glow-colour-awakening-lip-balm,,$62.00,https://myer-media.com.au/wcsstore/MyerCatalogAssetStore/images/15/151/1635/1/22/821331280/821331280_Colour_970714000_1_360x464.webp
https://www.myer.com.au/search?pageNumber=1&query=lips,Estée Lauder   Double Wear 24h Stay-in-Place Lip Liner 1.2g ,https://www.myer.com.au//p/est--233e-lauder-double-wear-24h-stay-in-place-lip-liner-12g,,$46.00,https://myer-media.com.au/wcsstore/MyerCatalogAssetStore/images/15/150/1456/11/22/967051720/967051720_Colour_967061980_1_360x464.webp
https://www.myer.com.au/search?pageNumber=1&query=lips,Estée Lauder   Pure Color Envy Sculpting Lipstick ,https://www.myer.com.au//p/506685430,,$59.00,https://myer-media.com.au/wcsstore/MyerCatalogAssetStore/images/15/150/1456/11/21/506685430/506685430_Colour_708124420_1_360x464.webp
https://www.myer.com.au/search?pageNumber=1&query=lips,Clarins   Lip Comfort Oil ,https://www.myer.com.au//p/clarins-lip-comfort-oil,,$41.00,https://myer-media.com.au/wcsstore/MyerCatalogAssetStore/images/15/150/1457/180/22/892096570/892096570_Colour_892103590_1_360x464.webp
https://www.myer.com.au/search?pageNumber=1&query=lips,DIOR   Dior Addict Lip Maximiser Plumping Gloss ,https://www.myer.com.au//p/dior-dior-addict-lip-maximiser-plumping-gloss,,$62.00,https://myer-media.com.au/wcsstore/MyerCatalogAssetStore/images/15/151/1635/1/22/970726510/970726510_Colour_970712200_1_360x464.webp
https://www.myer.com.au/search?pageNumber=1&query=lips,M.A.C   Matte Lipstick ,https://www.myer.com.au//p/mac-lipstick-matte,,$30.00,https://myer-media.com.au/wcsstore/MyerCatalogAssetStore/images/15/154/1453/90/22/602223190_128409580/602223190_128409580_Colour_128409670_1_1_360x464.webp
https://www.myer.com.au/search?pageNumber=1&query=lips,Estée Lauder   Pure Color Envy Color Replenish Lip Balm ,https://www.myer.com.au//p/estee-lauder-669759040-1,,$58.00,https://myer-media.com.au/wcsstore/MyerCatalogAssetStore/images/15/150/1456/11/22/669759040/669759040_1_360x464.webp
https://www.myer.com.au/search?pageNumber=1&query=lips,Estée Lauder   Pure Color Illuminating Shine Sheer Shine Lipstick ,https://www.myer.com.au//p/est-233e-lauder-pure-color-illuminating-shine-sher-shine-lipstick,,$59.00,https://myer-media.com.au/wcsstore/MyerCatalogAssetStore/images/15/150/1456/11/22/788350150/788350150_Colour_788361220_1_360x464.webp
https://www.myer.com.au/search?pageNumber=1&query=lips,CHANEL  LES BEIGES LIP BALM Hydrating Lip Care with a Subtle Healthy Glow Tint ,https://www.myer.com.au//p/healthy-glow-lip-balm-583508890,,$57.00,https://myer-media.com.au/wcsstore/MyerCatalogAssetStore/images/15/151/1636/11/22/583508890/583508890_Colour_583521580_1_2_360x464.webp
https://www.myer.com.au/search?pageNumber=1&query=lips,M.A.C   Locked Kiss Ink Liquid Lipstick ,https://www.myer.com.au//p/mac-locked-kiss-ink-liquid-lipstick,,$54.00,https://myer-media.com.au/wcsstore/MyerCatalogAssetStore/images/15/154/1453/90/22/966429640/966429640_Colour_986445460_1_360x464.webp
https://www.myer.com.au/search?pageNumber=1&query=lips,M.A.C   Lustreglass Lipstick ,https://www.myer.com.au//p/mac-lipstick-lustreglass,,$38.00,https://myer-media.com.au/wcsstore/MyerCatalogAssetStore/images/15/154/1453/90/22/854170480/854170480_Colour_945936010_1_360x464.webp
https://www.myer.com.au/search?pageNumber=1&query=lips,DIOR   Dior Addict Lip Tint ,https://www.myer.com.au//p/dior-dior-addict-lip-tint,,$62.00,https://myer-media.com.au/wcsstore/MyerCatalogAssetStore/images/15/151/1635/1/22/890782750/890782750_Colour_890767810_1_360x464.webp
https://www.myer.com.au/search?pageNumber=1&query=lips,Yves Saint Laurent   Rouge Volupte Shine Lipstick ,https://www.myer.com.au//p/rouge-volupte-shine-670222540,,$65.00,https://myer-media.com.au/wcsstore/MyerCatalogAssetStore/images/15/151/1626/100/22/763037830/670222540_Colour_978475510_1_360x464.webp
https://www.myer.com.au/search?pageNumber=1&query=lips,DIOR   Rouge Dior Forever Lipstick ,https://www.myer.com.au//p/dior-rouge-dior-forever-lipstick,,$66.00,https://myer-media.com.au/wcsstore/MyerCatalogAssetStore/images/15/151/1635/1/22/938671120/938671120_Colour_938662210_1_360x464.webp
https://www.myer.com.au/search?pageNumber=1&query=lips,M.A.C   Lip Liner Pencil ,https://www.myer.com.au//p/602223360,,$30.00,https://myer-media.com.au/wcsstore/MyerCatalogAssetStore/images/15/154/1453/90/22/602223360/602223360_Colour_Half Red_1_360x464.webp
https://www.myer.com.au/search?pageNumber=1&query=lips,Revlon   ColorStay Suede Ink ,https://www.myer.com.au//p/revlon-colorstay-suede-ink,,$29.95,https://myer-media.com.au/wcsstore/MyerCatalogAssetStore/images/15/154/1481/160/22/960892120/960892120_Colour_978521860_1_360x464.webp
https://www.myer.com.au/search?pageNumber=1&query=lips,Estée Lauder   Pure Color Envy Matte Sculpting Lipstick ,https://www.myer.com.au//p/estee-lauder-pure-color-envy-matte-sculpting-lipstick-1,,$59.00,https://myer-media.com.au/wcsstore/MyerCatalogAssetStore/images/15/150/1456/11/22/321319990/321319990_Colour_321356260_1_360x464.webp
https://www.myer.com.au/search?pageNumber=1&query=lips,Estée Lauder   Pure Color Envy Nighttime Rescue Lip Oil-Serum ,https://www.myer.com.au//p/est-233e-lauder-pure-color-envy-nighttime-rescue-lip-oil-serum,,$58.00,https://myer-media.com.au/wcsstore/MyerCatalogAssetStore/images/15/150/1456/11/22/765070750/765070750_1_360x464.webp
https://www.myer.com.au/search?pageNumber=1&query=lips,Estée Lauder   Pure Color Envy Hi Lustre Light Sculpting Lipstick ,https://www.myer.com.au//p/506688580,,$59.00,https://myer-media.com.au/wcsstore/MyerCatalogAssetStore/images/15/150/1456/11/21/506688580/506688580_Colour_506693260_1_360x464.webp
https://www.myer.com.au/search?pageNumber=1&query=lips,Estée Lauder   Pure Color Whipped Matte Lip Color with Moringa Butter Lipstick ,https://www.myer.com.au//p/est-233e-lauder-pure-color-whipped-matte-lip-color-with-moringa-butter,,$59.00,https://myer-media.com.au/wcsstore/MyerCatalogAssetStore/images/15/150/1456/11/22/828536590/828536590_Colour_828539200_1_360x464.webp
https://www.myer.com.au/search?pageNumber=1&query=lips,Estée Lauder   Pure Color Envy Lip Volumizer ,https://www.myer.com.au//p/pure-color-envy-lip-volumizer-669759130,,$56.00,https://myer-media.com.au/wcsstore/MyerCatalogAssetStore/images/15/150/1456/11/22/669759130/669759130_1_2_360x464.webp
https://www.myer.com.au/search?pageNumber=1&query=lips,DIOR   Rouge Dior Forever Liquid Transfer-Proof* Liquid Lipstick ,https://www.myer.com.au//p/dior-rouge-dior-forever-liquid-transfer-prof-liquid-lipstick-ultra-pigmented-matte-weightless-comfort-821336680-1,,$66.00,https://myer-media.com.au/wcsstore/MyerCatalogAssetStore/images/15/151/1635/1/22/821336680/821336680_Colour_821351980_1_360x464.webp
https://www.myer.com.au/search?pageNumber=1&query=lips,DIOR   Rouge Dior Couture Colour Refillable Lipstick ,https://www.myer.com.au//p/dior-rouge-dior-couture-colour-refillable-lipstick-4-finishes-satin-matte-metallic-and-velvet-floral-lip-care,,$66.00,https://myer-media.com.au/wcsstore/MyerCatalogAssetStore/images/15/151/1635/1/22/787021300/787021300_Colour_938661580_1_360x464.webp
https://www.myer.com.au/search?pageNumber=1&query=lips,Revlon   Super Lustrous Lipstick ,https://www.myer.com.au//p/super-lustrous-lipstick-601156530-291876130,,$24.95,https://myer-media.com.au/wcsstore/MyerCatalogAssetStore/images/15/154/1481/160/22/763781140/291868480_Colour_763773850_1_360x464.webp
https://www.myer.com.au/search?pageNumber=1&query=lips,GUCCI  ROUGE DE BEAUTE BRILLANT Shine Lipstick ,https://www.myer.com.au//p/gucci-rouge-de-beaut-233-brillant,,$72.00,https://myer-media.com.au/wcsstore/MyerCatalogAssetStore/images/15/151/1621/721/3/826384510/826384510_Colour_938055250_1_360x464.webp
https://www.myer.com.au/search?pageNumber=1&query=lips,M.A.C   Satin Lipstick ,https://www.myer.com.au//p/lipstick-602223190-930501800,,$30.00,https://myer-media.com.au/wcsstore/MyerCatalogAssetStore/images/15/154/1453/90/22/236903590_248177260/236903590_248177260_Colour_970732730_1_1_360x464.webp
https://www.myer.com.au/search?pageNumber=1&query=lips,DIOR   Dior Addict Lip Glow Oil ,https://www.myer.com.au//p/dior-dior-addict-lip-glow-oil,,$62.00,https://myer-media.com.au/wcsstore/MyerCatalogAssetStore/images/15/151/1635/1/22/890772850/890772850_1_360x464.webp
https://www.myer.com.au/search?pageNumber=1&query=lips,GUCCI  ROUGE A LEVRES MAT Matte Lipstick ,https://www.myer.com.au//p/gucci-rouge-agrave-l-egravevres-mat-35g,,$66.00,https://myer-media.com.au/wcsstore/MyerCatalogAssetStore/images/15/151/1621/721/3/804841930/804841930_Colour_938062540_1_360x464.webp
https://www.myer.com.au/search?pageNumber=1&query=lips,Nude By Nature   Moisture Infusion Lip Gloss ,https://www.myer.com.au//p/nude-by-nature-moisture-infusion-lipgloss-01-bare,,$22.95,https://myer-media.com.au/wcsstore/MyerCatalogAssetStore/images/15/154/1652/780/3/639938260/639938260_Colour_01 Bare_1_360x464.webp
https://www.myer.com.au/search?pageNumber=1&query=lips,M.A.C   Mini Lipstick ,https://www.myer.com.au//p/mac-lipstick-mini,,$26.00,https://myer-media.com.au/wcsstore/MyerCatalogAssetStore/images/15/154/1453/90/22/786766780/786766780_Colour_786778750_1_360x464.webp
https://www.myer.com.au/search?pageNumber=1&query=lips,Estée Lauder   Pure Color Envy Lip Repair Potion ,https://www.myer.com.au//p/pure-color-envy-lip-repair-potion-669759310,,$56.00,https://myer-media.com.au/wcsstore/MyerCatalogAssetStore/images/15/150/1456/11/22/669759310/669759310_1_2_360x464.webp
https://www.myer.com.au/search?pageNumber=1&query=lips,M.A.C   Amplified Creme Lipstick ,https://www.myer.com.au//p/lipstick-605655550-282178930,,$30.00,https://myer-media.com.au/wcsstore/MyerCatalogAssetStore/images/15/154/1453/90/22/676220050/236903590_248176900_Colour_676211410_1_360x464.webp
https://www.myer.com.au/search?pageNumber=1&query=lips,Elizabeth Arden   Lip Color Lipstick ,https://www.myer.com.au//p/elizabeth-arden-lip-color-lipstick,,$46.00,https://myer-media.com.au/wcsstore/MyerCatalogAssetStore/images/15/150/1482/190/22/896574520/896574520_Colour_896568310_1_360x464.webp
https://www.myer.com.au/search?pageNumber=1&query=lips,GUCCI  ROUGE A LEVRES VOILE Satin Lipstick ,https://www.myer.com.au//p/gucci-rouge-agrave-l-egravevres-voile-35g,,$64.00,https://myer-media.com.au/wcsstore/MyerCatalogAssetStore/images/15/151/1621/721/3/804847240/804847240_Colour_804863350_1_360x464.webp
https://www.myer.com.au/search?pageNumber=1&query=lips,DIOR   Dior Addict Lip Maximizer Serum ,https://www.myer.com.au//p/dior-dior-addict-lip-maximizer-serum,,$62.00,https://myer-media.com.au/wcsstore/MyerCatalogAssetStore/images/15/151/1635/1/22/890772760/890772760_1_360x464.webp
https://www.myer.com.au/search?pageNumber=1&query=lips,M.A.C   Powder Kiss Lipstick ,https://www.myer.com.au//p/mac-powder-kiss-liquid-lipcolour-a-little-tamed,,$38.00,https://myer-media.com.au/wcsstore/MyerCatalogAssetStore/images/15/154/1453/90/22/639584830/639584830_Colour_639598600_1_1_360x464.webp
https://www.myer.com.au/search?pageNumber=1&query=lips,M.A.C   Lipglass Lip Gloss ,https://www.myer.com.au//p/mac-526555090-526562740--1,,$35.00,https://myer-media.com.au/wcsstore/MyerCatalogAssetStore/images/15/154/1453/90/22/526555090/526555090_Colour_526562740_1_360x464.webp
https://www.myer.com.au/search?pageNumber=1&query=lips,M.A.C   Glow Play Lip Balm ,https://www.myer.com.au//p/mac-glow-play-lip-balm,,$34.00,https://myer-media.com.au/wcsstore/MyerCatalogAssetStore/images/15/154/1453/90/22/823595500/823595500_Colour_823605580_1_360x464.webp
https://www.myer.com.au/search?pageNumber=1&query=lips,DIOR   Rouge Dior Mitzah Limited Edition ,https://www.myer.com.au//p/dior-rouge-dior-mitzah-limited-edition,,$69.00,https://myer-media.com.au/wcsstore/MyerCatalogAssetStore/images/15/151/1635/1/22/970722910/970722910_Colour_970708600_1_360x464.webp
https://www.myer.com.au/search?pageNumber=1&query=lips,Clinique   Pop Plush Creamy Lip Gloss ,https://www.myer.com.au//p/clinique-pop-plush-creamy-lip-gloss,,$42.00,https://myer-media.com.au/wcsstore/MyerCatalogAssetStore/images/15/150/1454/280/22/941956300/941956300_Colour_941961880_1_360x464.webp
https://www.myer.com.au/search?pageNumber=1&query=lips,Estée Lauder   Pure Color Revitalizing Crystal Balm ,https://www.myer.com.au//p/est-233e-lauder-pure-color-revitalizing-crystal-balm,,$58.00,https://myer-media.com.au/wcsstore/MyerCatalogAssetStore/images/15/150/1456/11/22/890221060/890221060_Colour_890221960_1_360x464.webp
https://www.myer.com.au/search?pageNumber=1&query=lips,Estée Lauder   Pure Color Desire Rouge Excess Matte Lipstick ,https://www.myer.com.au//p/este-lauder-pure-color-desire-rouge-excess-matte-lipstick,,$68.00,https://myer-media.com.au/wcsstore/MyerCatalogAssetStore/images/15/150/1456/11/22/708126580/708126580_Colour_708112360_1_360x464.webp
https://www.myer.com.au/search?pageNumber=1&query=lips,Tom Ford   Lip Color Lipstick ,https://www.myer.com.au//p/tom-ford-557673940--1,,$84.00,https://myer-media.com.au/wcsstore/MyerCatalogAssetStore/images/15/151/1673/102/3/557673940/557673940_Colour_765164170_1_360x464.webp
https://www.myer.com.au/search?pageNumber=1&query=lips,M.A.C   Love Me Lipstick ,https://www.myer.com.au//p/mac-love-me-lipstick,,$38.00,https://myer-media.com.au/wcsstore/MyerCatalogAssetStore/images/15/154/1453/90/22/716450590/716450590_Colour_823609450_1_360x464.webp
https://www.myer.com.au/search?pageNumber=1&query=lips,GUCCI  ROUGE A LEVRES SATIN Satin Lipstick ,https://www.myer.com.au//p/gucci-rouge-agrave-l-egravevres-satin-35g,,$66.00,https://myer-media.com.au/wcsstore/MyerCatalogAssetStore/images/15/151/1621/721/3/804845350/804845350_Colour_804859030_1_1_360x464.webp
https://www.myer.com.au/search?pageNumber=1&query=lips,Revlon   Super Lustrous The Luscious Mattes ,https://www.myer.com.au//p/revlon-super-lustrous-the-luscious-mattes,,$24.95,https://myer-media.com.au/wcsstore/MyerCatalogAssetStore/images/15/154/1481/160/22/763782310/763782310_Colour_763774480_1_360x464.webp
https://www.myer.com.au/search?pageNumber=1&query=lips,Estée Lauder   Pure Color Envy Kissable Lip Shine Lip Gloss ,https://www.myer.com.au//p/este-lauder-pure-color-envy-kissable-lip-shine,,$54.00,https://myer-media.com.au/wcsstore/MyerCatalogAssetStore/images/15/150/1456/11/22/708131530/708131530_Colour_708117310_1_360x464.webp
https://www.myer.com.au/search?pageNumber=1&query=lips,Clinique   Almost Lipstick ,https://www.myer.com.au//p/clinique-almost-lipstick,,$42.00,https://myer-media.com.au/wcsstore/MyerCatalogAssetStore/images/15/150/1454/280/22/939889630/939889630_1_360x464.webp
https://www.myer.com.au/search?pageNumber=2&query=lips,Revlon   Colorstay Lipliner ,https://www.myer.com.au//p/colorstay-lip-liner-blush-291868930,,$22.95,https://myer-media.com.au/wcsstore/MyerCatalogAssetStore/images/15/154/1481/160/22/291868930/291868930_Colour_291876490_1_360x464.webp
https://www.myer.com.au/search?pageNumber=2&query=lips,Nude By Nature   Moisture Shine Lipstick ,https://www.myer.com.au//p/nude-by-nature-moisture-shine-lipstick-02-nude,,$24.95,https://myer-media.com.au/wcsstore/MyerCatalogAssetStore/images/15/154/1652/780/3/639937720/639937720_Colour_02 Nude_1_360x464.webp
https://www.myer.com.au/search?pageNumber=2&query=lips,Bobbi Brown   Extra Lip Tint ,https://www.myer.com.au//p/bobbi-brown-extra-lip-tint-bare-raspberry,,$59.00,https://myer-media.com.au/wcsstore/MyerCatalogAssetStore/images/15/154/1458/140/22/666287470/666287470_Colour_448683850_1_2_360x464.webp
https://www.myer.com.au/search?pageNumber=2&query=lips,DIOR   Rouge Dior Minaudiere Clutch Limited Edition ,https://www.myer.com.au//p/dior-rouge-dior-minaudiere-clutch-limited-edition,,$369.00,https://myer-media.com.au/wcsstore/MyerCatalogAssetStore/images/15/151/1635/1/22/938677960/938677960_1_360x464.webp
https://www.myer.com.au/search?pageNumber=2&query=lips,Estée Lauder   Pure Color Envy Paint On Liquid LipColor Lipstick ,https://www.myer.com.au//p/estee-lauder-pure-color-envy-paint-on-liquid-lipcolor,,$55.00,https://myer-media.com.au/wcsstore/MyerCatalogAssetStore/images/15/150/1456/11/22/579089800/579089800_Colour_708117580_1_360x464.webp
https://www.myer.com.au/search?pageNumber=2&query=lips,DIOR   Addict Lipstick Fashion Case Pink ,https://www.myer.com.au//p/dior-addict-lipstick-fashion-case-pink,,$45.00,https://myer-media.com.au/wcsstore/MyerCatalogAssetStore/images/15/151/1635/1/22/890776900/890776900_1_360x464.webp
https://www.myer.com.au/search?pageNumber=2&query=lips,M.A.C   Powder Kiss Liquid Lip Colour Lipstick ,https://www.myer.com.au//p/mac-powder-kiss-liquid-lip-colour,,$44.00,https://myer-media.com.au/wcsstore/MyerCatalogAssetStore/images/15/154/1453/90/22/777436390/777436390_Colour_777435130_1_360x464.webp
https://www.myer.com.au/search?pageNumber=2&query=lips,Natio   Lipstick ,https://www.myer.com.au//p/lipstick-eden-628519060,,$17.95,https://myer-media.com.au/wcsstore/MyerCatalogAssetStore/images/15/150/1674/101/3/628519060/628519060_Colour_628527610_1_360x464.webp
https://www.myer.com.au/search?pageNumber=2&query=lips,Tom Ford   Lip Color Matte Lipstick ,https://www.myer.com.au//p/tom-ford-beauty-561386890--1,,$84.00,https://myer-media.com.au/wcsstore/MyerCatalogAssetStore/images/15/151/1673/102/3/561386890/561386890_Colour_892215100_1_360x464.webp
https://www.myer.com.au/search?pageNumber=2&query=lips,Revlon   Colorstay Ultimate Suede Lipstick ,https://www.myer.com.au//p/-155231740--1,,$27.95,https://myer-media.com.au/wcsstore/MyerCatalogAssetStore/images/15/154/1481/160/22/155231740/155231740_Colour_Backstage_1_360x464.webp
https://www.myer.com.au/search?pageNumber=2&query=lips,M.A.C   Retro Matte Lipstick ,https://www.myer.com.au//p/mac-lipstick-dangerous-602223190-979088900,,$34.00,https://myer-media.com.au/wcsstore/MyerCatalogAssetStore/images/15/154/1453/90/22/194050000_194051890/194050000_194051890_Colour_194052700_1_1_360x464.webp
https://www.myer.com.au/search?pageNumber=2&query=lips,Revlon   ColorStay Overtime Lipcolour Lipstick ,https://www.myer.com.au//p/revlon-revlon-colorstay-eye-shadow-quad-forever-scarlet,,$29.95,https://myer-media.com.au/wcsstore/MyerCatalogAssetStore/images/15/154/1481/160/22/291867580/291867580_Colour_291875140_1_360x464.webp
https://www.myer.com.au/search?pageNumber=2&query=lips,Clinique   Dramatically Different Lipstick Shaping Lip Colour Lipstick ,https://www.myer.com.au//p/clinique-dramatically-different-lipstick-shaping-lip-colour,,$45.00,https://myer-media.com.au/wcsstore/MyerCatalogAssetStore/images/15/150/1454/280/22/769107430/769107430_Colour_769114900_1_360x464.webp
https://www.myer.com.au/search?pageNumber=2&query=lips,M.A.C   Frost Lipstick ,https://www.myer.com.au//p/lipstick--frost-602223190-930523700,,$30.00,https://myer-media.com.au/wcsstore/MyerCatalogAssetStore/images/15/154/1453/90/22/786758860/602223190_853431410_Colour_786770830_1_360x464.webp
https://www.myer.com.au/search?pageNumber=2&query=lips,Giorgio Armani   Lip Power Lipstick ,https://www.myer.com.au//p/giorgio-armani-lip-power-lipstick,,$63.00,https://myer-media.com.au/wcsstore/MyerCatalogAssetStore/images/15/151/1666/100/4/851855590/851855590_Colour_939895750_1_360x464.webp
https://www.myer.com.au/search?pageNumber=2&query=lips,Tom Ford   Lip ColorSatin Matte Lipstick ,https://www.myer.com.au//p/tom-ford-beauty-tom-ford-lip-color-satin-matte-nude-negligee,,$84.00,https://myer-media.com.au/wcsstore/MyerCatalogAssetStore/images/15/151/1673/102/3/626663260/626663260_Colour_978068080_1_360x464.webp
https://www.myer.com.au/search?pageNumber=2&query=lips,CHANEL  HYDRA BEAUTY NUTRITION Nourishing Lip Care ,https://www.myer.com.au//p/nourishing-lip-care-161092000-218365480,,$55.00,https://myer-media.com.au/wcsstore/MyerCatalogAssetStore/images/15/151/1636/11/21/161092000_218365480/161092000_218365480_1_2_360x464.webp
https://www.myer.com.au/search?pageNumber=2&query=lips,Clinique   Chubby Stick Moisturizing Colour Lip Balm ,https://www.myer.com.au//p/clinique-chubby-stick-moisturizing-lip-colour-balm-942896810-942909950-1,,$42.00,https://myer-media.com.au/wcsstore/MyerCatalogAssetStore/images/15/150/1454/280/22/942896810_942909950/942896810_942909950_Colour_942910760_1_360x464.webp
https://www.myer.com.au/search?pageNumber=2&query=lips,Benefit   California Kissin' Colorbalm Lip Balm ,https://www.myer.com.au//p/benefit-california-kissin-colorbalm,,$39.00,https://myer-media.com.au/wcsstore/MyerCatalogAssetStore/images/15/154/1494/20/22/784895950/784895950_Colour_784899730_1_3_360x464.webp
https://www.myer.com.au/search?pageNumber=2&query=lips,DIOR   Lip Sugar Scrub Lip Balm ,https://www.myer.com.au//p/dior-addict-lip-sugar-scrub-500895910,,$62.00,https://myer-media.com.au/wcsstore/MyerCatalogAssetStore/images/15/151/1635/1/22/500895910/500895910_1_1_360x464.webp
https://www.myer.com.au/search?pageNumber=2&query=lips,M.A.C   Lipstick / Cremesheen ,https://www.myer.com.au//p/mac-lipstick-cremeshen,,$30.00,https://myer-media.com.au/wcsstore/MyerCatalogAssetStore/images/15/154/1453/90/22/824883680_824889350/824883680_834693050_Colour_824889350_1_1_360x464.webp
https://www.myer.com.au/search?pageNumber=2&query=lips,GUCCI  ROUGE A LEVRES VOILE Sheer Lipstick ,https://www.myer.com.au//p/gucci-beaute-gucci-rouge-a-levres-voile-213-love-is-better-35g-012oz-,,$72.00,https://myer-media.com.au/wcsstore/MyerCatalogAssetStore/images/15/151/1621/721/3/848505790/848505790_Colour_848492380_1_360x464.webp
https://www.myer.com.au/search?pageNumber=2&query=lips,Revlon   ColorStay Matte Lite Crayon ,https://www.myer.com.au//p/revlon-colorstay-matte-lite-crayon,,$24.95,https://myer-media.com.au/wcsstore/MyerCatalogAssetStore/images/15/154/1481/160/22/893875690/893875690_Colour_893872000_1_360x464.webp
https://www.myer.com.au/search?pageNumber=2&query=lips,Clinique   Pop Lip Colour With Primer Lipstick ,https://www.myer.com.au//p/clinique-lip-pop-lipsticks-extensions-rebel-311687920,,$42.00,https://myer-media.com.au/wcsstore/MyerCatalogAssetStore/images/15/150/1454/280/22/311687920/311687920_Colour_311697460_1_360x464.webp
https://www.myer.com.au/search?pageNumber=2&query=lips,Chi Chi   Viva La Diva Lipstick ,https://www.myer.com.au//p/chi-chi-viva-la-diva-lipstick-179048710--1,,$18.95,https://myer-media.com.au/wcsstore/MyerCatalogAssetStore/images/15/156/1652/772/23/179048710_179099200/179048710_179099200_Colour_179099200_1_360x464.webp
https://www.myer.com.au/search?pageNumber=2&query=lips,HERMÈS   Rouge Hermès Satin Lipstick ,https://www.myer.com.au//p/herm-200s-rouge-herm-232s-satin-lipstick,,$110.00,https://myer-media.com.au/wcsstore/MyerCatalogAssetStore/images/15/151/1637/11/22/851538160/851538160_Colour_942421600_1_360x464.webp
https://www.myer.com.au/search?pageNumber=2&query=lips,Natio   Long Lasting Lip Liner ,https://www.myer.com.au//p/natio-mechanical-long-lasting-lip-liner,,$16.95,https://myer-media.com.au/wcsstore/MyerCatalogAssetStore/images/15/150/1674/100/1/961236470_961260500/961236470_961260500_1_360x464.webp
https://www.myer.com.au/search?pageNumber=2&query=lips,Natio   Smoothie Lip Crayon Lipstick 3g ,https://www.myer.com.au//p/natio-natio-smoothie-lip-crayon,,$15.95,https://myer-media.com.au/wcsstore/MyerCatalogAssetStore/images/15/150/1674/101/3/200968660_200970010/200968660_200970010_Colour_200970370_1_360x464.webp
https://www.myer.com.au/search?pageNumber=2&query=lips,Tom Ford   Ultra-Shine Lip Color Lipstick ,https://www.myer.com.au//p/tom-ford-beauty-tom-ford-ultra-shine-lip-color-bare,,$84.00,https://myer-media.com.au/wcsstore/MyerCatalogAssetStore/images/15/151/1673/102/3/597475270/597475270_Colour_597479770_1_1_360x464.webp
https://www.myer.com.au/search?pageNumber=2&query=lips,Natio   Antioxidant Lip Shine Love Lip Gloss ,https://www.myer.com.au//p/antioxidant-lip-shine-961236470-961265630,,$13.95,https://myer-media.com.au/wcsstore/MyerCatalogAssetStore/images/15/152/1652/961236470_961265630/961236470_961265630_1_360x464.webp
https://www.myer.com.au/search?pageNumber=2&query=lips,Yves Saint Laurent   Rouge Pur Couture The Slim Velvet Radical Lipstick ,https://www.myer.com.au//p/yves-saint-laurent-rouge-pur-couture-the-slim-velvet-radical-lipstick,,$65.00,https://myer-media.com.au/wcsstore/MyerCatalogAssetStore/images/15/151/1626/100/22/848464750/848464750_Colour_890949880_1_360x464.webp
https://www.myer.com.au/search?pageNumber=2&query=lips,GUCCI  ROUGE A LEVRES LUNAISON Glitter Lipstick ,https://www.myer.com.au//p/gucci-rouge-agrave-l-egravevres-lunaison-35g,,$59.00,https://myer-media.com.au/wcsstore/MyerCatalogAssetStore/images/15/151/1621/721/3/804838240/804838240_Colour_804854350_1_360x464.webp
https://www.myer.com.au/search?pageNumber=2&query=lips,Yves Saint Laurent   Rouge Volupte Candy Glaze Lipstick ,https://www.myer.com.au//p/yves-saint-laurent-rouge-volupte-candy-glaze-lipstick,,$67.00,https://myer-media.com.au/wcsstore/MyerCatalogAssetStore/images/15/151/1626/100/22/890943220/890943220_Colour_890947000_1_360x464.webp
https://www.myer.com.au/search?pageNumber=2&query=lips,Elizabeth Arden   Eight Hour SPF 15 Cream Lip Protectant Stick Sunscreen Lip Balm ,https://www.myer.com.au//p/eight-hour-cream-lip-protectant-stick-sunscreen-spf-15-604478960-967349900,,$32.00,https://myer-media.com.au/wcsstore/MyerCatalogAssetStore/images/15/1482/604478960_967349900/604478960_967349900_1_360x464.webp
https://www.myer.com.au/search?pageNumber=2&query=lips,Revlon   Super Lustrous The Gloss ,https://www.myer.com.au//p/revlon-super-lustrous-the-gloss,,$25.95,https://myer-media.com.au/wcsstore/MyerCatalogAssetStore/images/15/154/1481/160/22/719864110/719864110_Colour_186194170_1_360x464.webp
https://www.myer.com.au/search?pageNumber=2&query=lips,Clarins   Lip Comfort Oil Shimmer Lip Gloss ,https://www.myer.com.au//p/clarins-lip-comfort-oil-shimmer,,$45.00,https://myer-media.com.au/wcsstore/MyerCatalogAssetStore/images/15/150/1457/180/22/824414590/824414590_Colour_824404960_1_360x464.webp
https://www.myer.com.au/search?pageNumber=2&query=lips,Lancôme   L'Absolue Rouge Intimatte Lipstick ,https://www.myer.com.au//p/lanc-244me-labsolue-rouge-intimatte-lipstick,,$61.00,https://myer-media.com.au/wcsstore/MyerCatalogAssetStore/images/15/150/1452/11/22/944604820/944604820_Colour_944613190_1_360x464.webp
https://www.myer.com.au/search?pageNumber=2&query=lips,Revlon   Kiss Glow Lip Oil ,https://www.myer.com.au//p/revlon-kiss-glow-lip-oil,,$19.95,https://myer-media.com.au/wcsstore/MyerCatalogAssetStore/images/15/154/1481/160/22/719859970/719859970_Colour_789030370_1_360x464.webp
https://www.myer.com.au/search?pageNumber=2&query=lips,Giorgio Armani   Lip Maestro Midi Lipstick Set ,https://www.myer.com.au//p/giorgio-armani-lip-maestro-midi-set-400-401-405,,$105.00,https://myer-media.com.au/wcsstore/MyerCatalogAssetStore/images/15/151/1666/100/4/818033320/818033320_1_360x464.webp
https://www.myer.com.au/search?pageNumber=2&query=lips,DIOR   Rouge Dior Hydrating Floral Care Lip Balm ,https://www.myer.com.au//p/dior-rouge-dior-lip-balm-hydrating-floral-care-lip-balm-852124960-1,,$66.00,https://myer-media.com.au/wcsstore/MyerCatalogAssetStore/images/15/151/1635/1/22/852124960/852124960_Colour_852115330_1_1_360x464.webp
https://www.myer.com.au/search?pageNumber=2&query=lips,DIOR   Dior Addict Refill ,https://www.myer.com.au//p/dior-dior-addict-refill,,$52.00,https://myer-media.com.au/wcsstore/MyerCatalogAssetStore/images/15/151/1635/1/22/890777170/890777170_Colour_890764030_1_360x464.webp
https://www.myer.com.au/search?pageNumber=2&query=lips,HERMÈS   Hermesistible Lip Oil ,https://www.myer.com.au//p/herm-200s-hermesistible-oil,,$85.00,https://myer-media.com.au/wcsstore/MyerCatalogAssetStore/images/15/151/1637/11/22/922520800/922520800_Colour_922516570_1_1_360x464.webp
https://www.myer.com.au/search?pageNumber=2&query=lips,Jo Malone London   Vitamin E Lip Conditioner ,https://www.myer.com.au//p/jo-malone-favourites--vitamin-e-lip-conditioner-288397990,,$53.00,https://myer-media.com.au/wcsstore/MyerCatalogAssetStore/images/15/151/1675/100/1/288397990/288397990_1_1_360x464.webp
https://www.myer.com.au/search?pageNumber=2&query=lips,Aesop   Cedar & Citrus Lip Salve 9ml Lip Balm ,https://www.myer.com.au//p/aesop-cedar-citrus-lip-salve-9ml,,$23.00,https://myer-media.com.au/wcsstore/MyerCatalogAssetStore/images/15/150/1419/110/8/797662900/797662900_1_1_360x464.webp
https://www.myer.com.au/search?pageNumber=2&query=lips,M.A.C   Velvet Blur Slim Stick Lipstick ,https://www.myer.com.au//p/mac-velvet-blur-slim-stick-lipstick,,$44.00,https://myer-media.com.au/wcsstore/MyerCatalogAssetStore/images/15/154/1453/90/22/893081440/893081440_Colour_893074240_1_360x464.webp
https://www.myer.com.au/search?pageNumber=2&query=lips,Clarins   Water Lip Stain Lip Gloss ,https://www.myer.com.au//p/clarins-water-lip-stain,,$43.00,https://myer-media.com.au/wcsstore/MyerCatalogAssetStore/images/15/150/1457/180/22/715564540/715564540_Colour_625347730_1_360x464.webp
https://www.myer.com.au/search?pageNumber=2&query=lips,Yves Saint Laurent   Rouge Pur Couture the Slim Lipstick ,https://www.myer.com.au//p/yves-saint-laurent-rouge-pur-couture-the-slim,,$65.00,https://myer-media.com.au/wcsstore/MyerCatalogAssetStore/images/15/151/1626/100/22/716471200/716471200_Colour_768559600_1_360x464.webp
https://www.myer.com.au/search?pageNumber=2&query=lips,DIOR   Rouge Dior Forever Liquid Lipstick ,https://www.myer.com.au//p/dior-rouge-dior-forever-liquid-lipstick,,$66.00,https://myer-media.com.au/wcsstore/MyerCatalogAssetStore/images/15/151/1635/1/22/938670670/938670670_Colour_938661760_1_360x464.webp
https://www.myer.com.au/search?pageNumber=3&query=lips,philosophy  kiss me tonight intense lip therapy 9g ,https://www.myer.com.au//p/philosophy-philosophy-kiss-me-tonight-intense-lip-therapy-88ml,,$26.00,https://myer-media.com.au/wcsstore/MyerCatalogAssetStore/images/15/156/1653/11/3/575787610/575787610_1_1_360x464.webp
https://www.myer.com.au/search?pageNumber=3&query=lips,Tom Ford   Lip Gloss Luxe ,https://www.myer.com.au//p/tom-ford-lip-gloss-luxe,,$86.00,https://myer-media.com.au/wcsstore/MyerCatalogAssetStore/images/15/151/1673/102/3/978078970/978078970_Colour_978073030_1_360x464.webp
https://www.myer.com.au/search?pageNumber=3&query=lips,M.A.C   Matte Lipstick ,https://www.myer.com.au//p/mac-matte-lipstick-966431800--1,,$35.00,https://myer-media.com.au/wcsstore/MyerCatalogAssetStore/images/15/154/1453/90/22/966431800/966431800_Colour_966444220_1_360x464.webp
https://www.myer.com.au/search?pageNumber=3&query=lips,DIOR   Dior Addict Shine Lipstick Limited Edition ,https://www.myer.com.au//p/dior-dior-addict-shine-lipstick-limited-edition,,$66.00,https://myer-media.com.au/wcsstore/MyerCatalogAssetStore/images/15/151/1635/1/22/938676970/938676970_Colour_938668060_1_360x464.webp
https://www.myer.com.au/search?pageNumber=3&query=lips,DIOR   Contour Lip Liner Pencil ,https://www.myer.com.au//p/dior-contour-lip-liner-pencil-intense-couture-color-comfort-long-wear-makeup,,$51.00,https://myer-media.com.au/wcsstore/MyerCatalogAssetStore/images/15/151/1635/1/22/787027510/787027510_Colour_787043260_1_360x464.webp
https://www.myer.com.au/search?pageNumber=3&query=lips,Clinique   Even Better Pop Lip Color Foundation ,https://www.myer.com.au//p/clinique-even-better-pop-lip-color-foundation,,$41.00,https://myer-media.com.au/wcsstore/MyerCatalogAssetStore/images/15/150/1454/280/22/707417110/707417110_Colour_707427370_1_360x464.webp
https://www.myer.com.au/search?pageNumber=3&query=lips,Bobbi Brown   Crushed Lip Color Lipstick ,https://www.myer.com.au//p/bobbi-brown-bobbi-brown-crushed-lip-color-true-pink,,$53.00,https://myer-media.com.au/wcsstore/MyerCatalogAssetStore/images/15/154/1458/140/22/545813020/545813020_Colour_639951220_1_360x464.webp
https://www.myer.com.au/search?pageNumber=3&query=lips,Clarins   Joli Rouge Velvet Lipstick ,https://www.myer.com.au//p/clarins-640549720-1,,$43.00,https://myer-media.com.au/wcsstore/MyerCatalogAssetStore/images/15/150/1457/180/22/640549720/640549720_Colour_640539640_1_360x464.webp
https://www.myer.com.au/search?pageNumber=3&query=lips,Yves Saint Laurent   Vernis A Levres Vinyl Cream Lipstick ,https://www.myer.com.au//p/vernis-a-levres-vinyl-cream-416-os-500980240,,$65.00,https://myer-media.com.au/wcsstore/MyerCatalogAssetStore/images/15/151/1626/100/22/500980240/500980240_1_360x464.webp
https://www.myer.com.au/search?pageNumber=3&query=lips,Seed Heritage   Fruity Smoothie Lip Balm in Multi ,https://www.myer.com.au//p/sed-heritage-fruity-smothie-lip-balm-in-multi,,$12.95,https://myer-media.com.au/wcsstore/MyerCatalogAssetStore/images/70/711/8346/100/1/932740210/932740210_1_360x464.webp
https://www.myer.com.au/search?pageNumber=3&query=lips,Clinique   Chubby Stick Intense Moisturizing Lip Colour Balm ,https://www.myer.com.au//p/clinique-chubby-stick-intense,,$42.00,https://myer-media.com.au/wcsstore/MyerCatalogAssetStore/images/15/150/1454/280/22/156175030/156175030_Colour_Broadest Berry_1_360x464.webp
https://www.myer.com.au/search?pageNumber=3&query=lips,Clinique   Moisture Surge Pop Triple Lip Balm ,https://www.myer.com.au//p/clinique-moisture-surge-pop-triple-lip-balm,,$42.00,https://myer-media.com.au/wcsstore/MyerCatalogAssetStore/images/15/150/1454/280/22/769111840/769111840_1_360x464.webp
https://www.myer.com.au/search?pageNumber=3&query=lips,Clarins   Natural Lip Perfector Lip Gloss ,https://www.myer.com.au//p/clarins-instant-light-natural-lip-perfector,,$40.00,https://myer-media.com.au/wcsstore/MyerCatalogAssetStore/images/15/150/1457/180/22/205197410_156130030/205197410_156130030_Colour_437183920_1_360x464.webp
https://www.myer.com.au/search?pageNumber=3&query=lips,Givenchy   Le Rouge Sheer Velvet ,https://www.myer.com.au//p/givenchy-le-rouge-sher-velvet,,$65.00,https://myer-media.com.au/wcsstore/MyerCatalogAssetStore/images/15/151/1634/724/22/852004360/852004360_Colour_851998780_1_360x464.webp
https://www.myer.com.au/search?pageNumber=3&query=lips,Clinique   Moisture Surge Lip Hydro Plump Treatment Lip Cream ,https://www.myer.com.au//p/moisture-surge-lip-hydrator-667962550,,$38.00,https://myer-media.com.au/wcsstore/MyerCatalogAssetStore/images/15/150/1454/210/6/667962550/667962550_1_2_360x464.webp
https://www.myer.com.au/search?pageNumber=3&query=lips,HERMÈS   Rose Hermès Rosy Lip Enhancer ,https://www.myer.com.au//p/herm-200s-rose-herm-232s-rosy-lip-enhancer-851535460-1,,$110.00,https://myer-media.com.au/wcsstore/MyerCatalogAssetStore/images/15/151/1637/11/22/851535460/851535460_Colour_851528350_1_1_360x464.webp
https://www.myer.com.au/search?pageNumber=3&query=lips,Clarins   Lip Comfort Oil Intense ,https://www.myer.com.au//p/clarins-intense-lip-comfort-oil,,$45.00,https://myer-media.com.au/wcsstore/MyerCatalogAssetStore/images/15/150/1457/180/22/764167510/764167510_Colour_764172460_1_360x464.webp
https://www.myer.com.au/search?pageNumber=3&query=lips,Givenchy   Rouge Interdit ,https://www.myer.com.au//p/givenchy-rouge-interdit,,$54.00,https://myer-media.com.au/wcsstore/MyerCatalogAssetStore/images/15/151/1634/724/22/738653320/738653230_Colour_738677620_1_1_360x464.webp
https://www.myer.com.au/search?pageNumber=3&query=lips,M.A.C   Powder Kiss Velvet Blur Slim Stick ,https://www.myer.com.au//p/mac-powder-kiss-velvet-blur-slim-stick,,$44.00,https://myer-media.com.au/wcsstore/MyerCatalogAssetStore/images/15/154/1453/90/22/945913240/945913240_Colour_945930070_1_360x464.webp
https://www.myer.com.au/search?pageNumber=3&query=lips,GUCCI  ROUGE A LEVRES LIQUIDE MAT Liquid Soft Matte Lipstick ,https://www.myer.com.au//p/guci-liquid-soft-matte-lipstick,,$72.00,https://myer-media.com.au/wcsstore/MyerCatalogAssetStore/images/15/151/1621/721/3/891475570/891475570_Colour_891483490_1_1_360x464.webp
https://www.myer.com.au/search?pageNumber=3&query=lips,Bobbi Brown   Pot Rouge for Lip & Cheeks Blush ,https://www.myer.com.au//p/pot-rouge-for-lip---cheeks-110372320,,$60.00,https://myer-media.com.au/wcsstore/MyerCatalogAssetStore/images/15/154/1458/140/22/110372320_110378260/110372320_110378260_Colour_110382130_1_1_360x464.webp
https://www.myer.com.au/search?pageNumber=3&query=lips,Clarins   Joli Rouge Lipstick ,https://www.myer.com.au//p/clarins-clarins-joli-rouge-705-soft-berry-35g,,$43.00,https://myer-media.com.au/wcsstore/MyerCatalogAssetStore/images/15/150/1457/180/22/402250960/402250960_Colour_402255100_1_1_360x464.webp
https://www.myer.com.au/search?pageNumber=3&query=lips,M.A.C   Retro Matte Liquid Lipcolour Lip Gloss ,https://www.myer.com.au//p/retro-matte-liquid-lipcolour-194050006,,$42.00,https://myer-media.com.au/wcsstore/MyerCatalogAssetStore/images/15/154/1453/90/22/375095800/375095800_Colour_945935920_1_360x464.webp
https://www.myer.com.au/search?pageNumber=3&query=lips,Revlon   ColorStay Lip Liner ,https://www.myer.com.au//p/revlon-colorstay-lip-liner,,$22.95,https://myer-media.com.au/wcsstore/MyerCatalogAssetStore/images/15/154/1481/160/22/678310930/678310930_Colour_678305260_1_360x464.webp
https://www.myer.com.au/search?pageNumber=3&query=lips,DIOR   Dior Addict Stellar Halo Shine Lipstick ,https://www.myer.com.au//p/dior-dior-addict-stellar-halo-shine-lipstick-shimmering-colour-lip-shine-luscious-hydrating-care,,$59.00,https://myer-media.com.au/wcsstore/MyerCatalogAssetStore/images/15/151/1635/1/22/753917860/753917860_Colour_753933880_1_360x464.webp
https://www.myer.com.au/search?pageNumber=3&query=lips,Clarins   Lip Perfector Lip Balm ,https://www.myer.com.au//p/clarins-lip-perfector,,$40.00,https://myer-media.com.au/wcsstore/MyerCatalogAssetStore/images/15/150/1457/180/22/764166880/764166880_Colour_764171830_1_360x464.webp
https://www.myer.com.au/search?pageNumber=3&query=lips,DIOR   Rouge Dior Lipstick The Refill Couture ,https://www.myer.com.au//p/dior-rouge-dior-the-refill-couture,,$52.00,https://myer-media.com.au/wcsstore/MyerCatalogAssetStore/images/15/151/1635/1/22/787027150/787027150_Colour_938661670_1_360x464.webp
https://www.myer.com.au/search?pageNumber=3&query=lips,Tom Ford   Lip Color Lipstick ,https://www.myer.com.au//p/tom-ford-lip-color-849251710-1,,$84.00,https://myer-media.com.au/wcsstore/MyerCatalogAssetStore/images/15/151/1673/102/3/849251710/849251710_Colour_849247570_1_360x464.webp
https://www.myer.com.au/search?pageNumber=3&query=lips,M.A.C   Love Me Liquid Lipcolour Lipstick ,https://www.myer.com.au//p/mac-love-me-liquid-lipcolour,,$44.00,https://myer-media.com.au/wcsstore/MyerCatalogAssetStore/images/15/154/1453/90/22/823597390/823597390_Colour_823607470_1_360x464.webp
https://www.myer.com.au/search?pageNumber=3&query=lips,Elizabeth Arden   Eight Hour Cream Intensive Repair 15ml Lip Balm ,https://www.myer.com.au//p/8-hour-intensive-lip-balm-pot-125735860-156412630,,$32.00,https://myer-media.com.au/wcsstore/MyerCatalogAssetStore/images/15/150/1482/200/17/125735860_156412630/125735860_156412630_1_360x464.webp
https://www.myer.com.au/search?pageNumber=3&query=lips,Tom Ford   Lip Lacquer Matte Lipstick ,https://www.myer.com.au//p/tom-ford-lip-lacquer-matte,,$86.00,https://myer-media.com.au/wcsstore/MyerCatalogAssetStore/images/15/151/1673/102/3/674985520/674985520_Colour_817544620_1_360x464.webp
https://www.myer.com.au/search?pageNumber=3&query=lips,Clinique   Quickliner For Lips Intense Lip Liner ,https://www.myer.com.au//p/clinique-quick-liner-for-lips-01-sassafras-311688280,,$36.00,https://myer-media.com.au/wcsstore/MyerCatalogAssetStore/images/15/150/1454/280/22/311688280/311688280_Colour_01 Sassafras_1_360x464.webp
https://www.myer.com.au/search?pageNumber=3&query=lips,DIOR   Rouge Dior Ultra Rouge Lipstick ,https://www.myer.com.au//p/dior-rouge-dior-ultra-rouge-lipstick-635487310-1,,$60.00,https://myer-media.com.au/wcsstore/MyerCatalogAssetStore/images/15/151/1635/1/22/635487310/635487310_Colour_635480470_1_360x464.webp
https://www.myer.com.au/search?pageNumber=3&query=lips,Giorgio Armani   Lip Maestro Lipstick ,https://www.myer.com.au//p/lip-maestro-156229390-156230920--1,,$63.00,https://myer-media.com.au/wcsstore/MyerCatalogAssetStore/images/15/151/1666/100/4/156229390_156230920/156229390_156230920_Colour_156233440_1_360x464.webp
https://www.myer.com.au/search?pageNumber=3&query=lips,GUCCI  BAUME NOURRISSANT UNIVERSEL Universal Nourishing Balm ,https://www.myer.com.au//p/guci-universal-nourishing-balm,,$87.00,https://myer-media.com.au/wcsstore/MyerCatalogAssetStore/images/15/151/1621/721/1/891478450/891478450_1_360x464.webp
https://www.myer.com.au/search?pageNumber=3&query=lips,GUCCI  BAUME A LEVRES Lip Balm ,https://www.myer.com.au//p/gucci-baume-agrave-l-egravevres-35g,,$72.00,https://myer-media.com.au/wcsstore/MyerCatalogAssetStore/images/15/151/1621/721/3/804835630/804835630_Colour_848494720_1_360x464.webp
https://www.myer.com.au/search?pageNumber=3&query=lips,Clinique   Pop Matte Lip Colour with Primer Lipstick ,https://www.myer.com.au//p/clinique-clinique-pop-stick-matte-icon-pop,,$42.00,https://myer-media.com.au/wcsstore/MyerCatalogAssetStore/images/15/150/1454/280/22/430273450/430273450_Colour_430272010_1_1_360x464.webp
https://www.myer.com.au/search?pageNumber=3&query=lips,Lancôme   L'Absolu Rouge Intimatte Lipstick ,https://www.myer.com.au//p/lanc-244me-labsolu-rouge-intimatte,,$65.00,https://myer-media.com.au/wcsstore/MyerCatalogAssetStore/images/15/150/1452/11/22/787713310/787713310_Colour_787717810_1_360x464.webp
https://www.myer.com.au/search?pageNumber=3&query=lips,Clarins   Joli Rouge Brillant Lipstick ,https://www.myer.com.au//p/clarins-640550170-1,,$43.00,https://myer-media.com.au/wcsstore/MyerCatalogAssetStore/images/15/150/1457/180/22/640549720/640550170_Colour_640541440_1_360x464.webp
https://www.myer.com.au/search?pageNumber=3&query=lips,Lancôme   L'Absolu Rouge Drama Matte Lipstick ,https://www.myer.com.au//p/lanc-244me-labsolu-rouge-drama-matte-lipstick,,$65.00,https://myer-media.com.au/wcsstore/MyerCatalogAssetStore/images/15/150/1452/11/22/854014870/854014870_Colour_854022700_1_360x464.webp
https://www.myer.com.au/search?pageNumber=3&query=lips,Bobbi Brown   Luxe Shine Intense Lipstick ,https://www.myer.com.au//p/bobbi-brown-luxe-shine-intense,,$60.00,https://myer-media.com.au/wcsstore/MyerCatalogAssetStore/images/15/154/1458/140/22/715734280/715734280_Colour_715726360_1_360x464.webp
https://www.myer.com.au/search?pageNumber=3&query=lips,Bobbi Brown   Crushed Oil-Infused Lip Gloss ,https://www.myer.com.au//p/bobbi-brown-crushed-oil-infused-gloss,,$53.00,https://myer-media.com.au/wcsstore/MyerCatalogAssetStore/images/15/154/1458/140/22/761438620/761438620_Colour_761429440_1_360x464.webp
https://www.myer.com.au/search?pageNumber=3&query=lips,M.A.C   Matte Lipstick Special Edition ,https://www.myer.com.au//p/mac-matte-lipstick-special-edition,,$35.00,https://myer-media.com.au/wcsstore/MyerCatalogAssetStore/images/15/154/1453/90/22/965312740/965312740_Colour_965315800_1_360x464.webp
https://www.myer.com.au/search?pageNumber=3&query=lips,GUCCI  ÉCLAT DE BEAUTÉ EFFET LUMIÈRE Multi-Use Gel Gloss ,https://www.myer.com.au//p/gucci-eacuteclat-de-beaut-eacute-effet-lumi-egravere-—-multi-use-gel-gloss,,$55.00,https://myer-media.com.au/wcsstore/MyerCatalogAssetStore/images/15/151/1621/721/1/804835900/804835900_1_360x464.webp
https://www.myer.com.au/search?pageNumber=3&query=lips,Tom Ford   Lip Color Ultra Shine Lipstick ,https://www.myer.com.au//p/tom-ford-lip-color-ultra-shine-lipstick,,$84.00,https://myer-media.com.au/wcsstore/MyerCatalogAssetStore/images/15/151/1673/102/3/939842110/939842110_Colour_939838150_1_360x464.webp
https://www.myer.com.au/search?pageNumber=3&query=lips,HERMÈS   Rouge Hermès Matte Lipstick ,https://www.myer.com.au//p/herm-200s-rouge-herm-232s-matte-lipstick,,$110.00,https://myer-media.com.au/wcsstore/MyerCatalogAssetStore/images/15/151/1637/11/22/851536450/851536450_Colour_942428170_1_360x464.webp
https://www.myer.com.au/search?pageNumber=3&query=lips,Kiehl's   Lip Balm ,https://www.myer.com.au//p/kiehls-lip-balm-1-mango,,$20.00,https://myer-media.com.au/wcsstore/MyerCatalogAssetStore/images/15/150/1672/101/1/901271900_901288190/823360970_835839200_Colour_901288190_1_1_360x464.webp
https://www.myer.com.au/search?pageNumber=3&query=lips,MOR   Marshmallow Lip Balm 13g ,https://www.myer.com.au//p/marshmallow-lip-balm-839453780-839453870,,$24.95,https://myer-media.com.au/wcsstore/MyerCatalogAssetStore/images/15/156/1616/14/7/839453780_839453870/839453780_839453870_1_360x464.webp
https://www.myer.com.au/search?pageNumber=4&query=lips,Natio   Naturally Nude Lip Colours Lipstick ,https://www.myer.com.au//p/natio-natio-naturally-nude-lip-colours---smooth,,$17.95,https://myer-media.com.au/wcsstore/MyerCatalogAssetStore/images/15/150/1674/101/3/589137400/589137400_Colour_589140820_1_360x464.webp
https://www.myer.com.au/search?pageNumber=4&query=lips,Chi Chi   Gloss a la Creme Lip Gloss ,https://www.myer.com.au//p/chi-chi-gloss-a-la-creme-highly-pigmented-moisturising-gloss,,$12.95,https://myer-media.com.au/wcsstore/MyerCatalogAssetStore/images/15/156/1652/772/23/793823860/793823860_Colour_793833760_1_360x464.webp
https://www.myer.com.au/search?pageNumber=4&query=lips,Revlon   ColorStay Satin Ink Lipcolor ,https://www.myer.com.au//p/revlon-colorstay-satin-ink-lipcolor,,$27.95,https://myer-media.com.au/wcsstore/MyerCatalogAssetStore/images/15/154/1481/160/22/824836870/824836870_Colour_824841190_1_360x464.webp
https://www.myer.com.au/search?pageNumber=4&query=lips,Nude By Nature   Defining Lip Liner Pencil ,https://www.myer.com.au//p/nude-by-nature-defining-lip-pencil-01-nude,,$18.95,https://myer-media.com.au/wcsstore/MyerCatalogAssetStore/images/15/154/1652/780/3/639938800/639938800_Colour_01 Nude_1_360x464.webp
https://www.myer.com.au/search?pageNumber=4&query=lips,Elizabeth Arden   Beautiful Colour Lipstick ,https://www.myer.com.au//p/beautiful-colour-lipstick-183272590,,$42.00,https://myer-media.com.au/wcsstore/MyerCatalogAssetStore/images/15/150/1482/190/22/183272590/183272590_Colour_Blush Glow_1_360x464.webp
https://www.myer.com.au/search?pageNumber=4&query=lips,Lancôme   L'Absolu Rouge Drama Ink Lipstick ,https://www.myer.com.au//p/lanc-244me-l-absolu-rouge-drama-ink,,$60.00,https://myer-media.com.au/wcsstore/MyerCatalogAssetStore/images/15/150/1452/11/22/823934710/823934710_Colour_823943260_1_360x464.webp
https://www.myer.com.au/search?pageNumber=4&query=lips,Natio   Sheer Beauty Lip Gloss ,https://www.myer.com.au//p/natio-sheer-beauty-lip-gloss,,$18.95,https://myer-media.com.au/wcsstore/MyerCatalogAssetStore/images/15/150/1674/101/3/978586660/978586660_Colour_978592330_1_360x464.webp
https://www.myer.com.au/search?pageNumber=4&query=lips,Lancôme   L'Absolu Rouge Ruby Cream Lipstick ,https://www.myer.com.au//p/lancome-labsolu-rouge-ruby-cream,,$58.00,https://myer-media.com.au/wcsstore/MyerCatalogAssetStore/images/15/150/1452/11/22/707707180/707707180_Colour_707700790_1_360x464.webp
https://www.myer.com.au/search?pageNumber=4&query=lips,Givenchy   Rouge Interdit Vinyl Lipstick ,https://www.myer.com.au//p/givenchy-colour-rouge-interdit-vinyl,,$54.00,https://myer-media.com.au/wcsstore/MyerCatalogAssetStore/images/15/151/1634/724/22/738655570/738655570_Colour_738680140_1_1_360x464.webp
https://www.myer.com.au/search?pageNumber=4&query=lips,Elizabeth Arden   Advanced Lip Fix Cream ,https://www.myer.com.au//p/advanced-lip-fix-cream-604478960-897413690,,$40.00,https://myer-media.com.au/wcsstore/MyerCatalogAssetStore/images/15/150/1482/604478960_897413690/604478960_897413690_1_360x464.webp
https://www.myer.com.au/search?pageNumber=4&query=lips,Aesop   Protective SPF30 5.5g Lip Balm ,https://www.myer.com.au//p/protective-lip-balm-spf30-188751790-188752330,,$23.00,https://myer-media.com.au/wcsstore/MyerCatalogAssetStore/images/15/150/1419/110/8/188751790/188751790_1_360x464.webp
https://www.myer.com.au/search?pageNumber=4&query=lips,DIOR   Dior Tattoo Limited Edition ,https://www.myer.com.au//p/dior-dior-addict-lip-tatto-limited-edition,,$52.00,https://myer-media.com.au/wcsstore/MyerCatalogAssetStore/images/15/151/1635/1/22/678317950/678317950_Colour_753936760_1_360x464.webp
https://www.myer.com.au/search?pageNumber=4&query=lips,DIOR   Addict Stellar Shine Vibrant Colour Hydrating Care Lip Shine ,https://www.myer.com.au//p/dior-addict-stellar-shine-vibrant-colour-hydrating-care-lip-shine,,$59.00,https://myer-media.com.au/wcsstore/MyerCatalogAssetStore/images/15/151/1635/1/22/753920290/753920290_Colour_753936310_1_360x464.webp
https://www.myer.com.au/search?pageNumber=4&query=lips,HERMÈS   Rouge Hermès Satin Lipstick Refill ,https://www.myer.com.au//p/herm-200s-rouge-herm-232s-satin-lipstick-refill,,$65.00,https://myer-media.com.au/wcsstore/MyerCatalogAssetStore/images/15/151/1637/11/22/851539420/851539420_Colour_942428620_1_360x464.webp
https://www.myer.com.au/search?pageNumber=4&query=lips,Eco Tan   Lip Liner ,https://www.myer.com.au//p/eco-tan-lip-liner,,$24.95,https://myer-media.com.au/wcsstore/MyerCatalogAssetStore/images/15/156/1653/100/5/952935940/952935940_1_360x464.webp
https://www.myer.com.au/search?pageNumber=4&query=lips,Clarins   Extra-Firming Lip & Contour Balm 15ml Lip Balm ,https://www.myer.com.au//p/extra-firming-lip---contour-balm-607621890-836819930,,$45.00,https://myer-media.com.au/wcsstore/MyerCatalogAssetStore/images/15/150/1457/190/3/607621890_836819930/607621890_836819930_1_1_360x464.webp
https://www.myer.com.au/search?pageNumber=4&query=lips,Revlon   Super Lustrous Lip Gloss ,https://www.myer.com.au//p/revlon-super-lustrous-lipgloss-608675270--1,,$25.95,https://myer-media.com.au/wcsstore/MyerCatalogAssetStore/images/15/154/1481/160/22/608675270/608675270_Colour_Solar Coral_1_360x464.webp
https://www.myer.com.au/search?pageNumber=4&query=lips,Yves Saint Laurent   Rouge Pur Couture Lipstick Holiday Collectors Edition ,https://www.myer.com.au//p/yves-saint-laurent-rouge-pur-couture-lipstick-holiday-collectors-edition,,$65.00,https://myer-media.com.au/wcsstore/MyerCatalogAssetStore/images/15/151/1626/100/22/946418950/946418950_Colour_946413730_1_360x464.webp
https://www.myer.com.au/search?pageNumber=4&query=lips,Clinique   Pop Reds Lip   Cheek Color Lipstick ,https://www.myer.com.au//p/clinique-even-better-pop-lip-colour-blush,,$42.00,https://myer-media.com.au/wcsstore/MyerCatalogAssetStore/images/15/150/1454/280/22/852824440/852824440_Colour_852818590_1_360x464.webp
https://www.myer.com.au/search?pageNumber=4&query=lips,Givenchy   Le Rouge Interdit Intense Silk Lipstick 3.4g ,https://www.myer.com.au//p/givenchy-le-rouge-interdit-intense-silk-lipstick-34g,,$65.00,https://myer-media.com.au/wcsstore/MyerCatalogAssetStore/images/15/151/1634/724/22/941822290/941822290_Colour_941817430_1_360x464.webp
https://www.myer.com.au/search?pageNumber=4&query=lips,GUCCI  CRAYON CONTOUR DES LEVRES Lip Liner ,https://www.myer.com.au//p/gucci-crayon-contour-des-l-232vres,,$60.00,https://myer-media.com.au/wcsstore/MyerCatalogAssetStore/images/15/151/1621/721/3/826383430/826383430_Colour_826386310_1_360x464.webp
https://www.myer.com.au/search?pageNumber=4&query=lips,DIOR   Rouge Dior Coloured Lip Balm ,https://www.myer.com.au//p/dior-rouge-dior-coloured-lip-balm,,$66.00,https://myer-media.com.au/wcsstore/MyerCatalogAssetStore/images/15/151/1635/1/22/890782300/890782300_Colour_890767360_1_360x464.webp
https://www.myer.com.au/search?pageNumber=4&query=lips,Revlon   Revlon Ultra HD Matte Lipcolor Lipstick ,https://www.myer.com.au//p/revlon-revlon-ultra-hd-matte-lipcolor,,$24.95,https://myer-media.com.au/wcsstore/MyerCatalogAssetStore/images/15/154/1481/160/22/832780990/832780990_Colour_832779550_1_360x464.webp
https://www.myer.com.au/search?pageNumber=4&query=lips,Tom Ford   Hydrating Lip Balm ,https://www.myer.com.au//p/tom-ford-528749020--1,,$51.00,https://myer-media.com.au/wcsstore/MyerCatalogAssetStore/images/15/151/1673/101/1/528749020/528749020_1_360x464.webp
https://www.myer.com.au/search?pageNumber=4&query=lips,Clinique   Quickliner Lip Liner ,https://www.myer.com.au//p/clinique-quickliner-for-lips,,$36.00,https://myer-media.com.au/wcsstore/MyerCatalogAssetStore/images/15/150/1454/280/22/601783730/601783730_1_360x464.webp
https://www.myer.com.au/search?pageNumber=4&query=lips,DIOR   Addict Lipstick Fashion Case Silver ,https://www.myer.com.au//p/dior-addict-lipstick-fashion-case-silver,,$45.00,https://myer-media.com.au/wcsstore/MyerCatalogAssetStore/images/15/151/1635/1/22/890776990/890776990_1_360x464.webp
https://www.myer.com.au/search?pageNumber=4&query=lips,DIOR   Addict Lipstick Fashion Case Denim ,https://www.myer.com.au//p/dior-addict-lipstick-fashion-case-denim,,$45.00,https://myer-media.com.au/wcsstore/MyerCatalogAssetStore/images/15/151/1635/1/22/890776810/890776810_1_360x464.webp
https://www.myer.com.au/search?pageNumber=4&query=lips,DIOR   Contour Universal Contour Lipliner ,https://www.myer.com.au//p/contour-universal-contour-lipliner-124256350,,$53.00,https://myer-media.com.au/wcsstore/MyerCatalogAssetStore/images/15/151/1635/1/22/124256350/124256350_1_1_360x464.webp
https://www.myer.com.au/search?pageNumber=4&query=lips,Eco Tan   Glory Lips Lip Gloss ,https://www.myer.com.au//p/eco-tan-glory-lips,,$14.95,https://myer-media.com.au/wcsstore/MyerCatalogAssetStore/images/15/156/1653/103/2/865768240/865768240_1_360x464.webp
https://www.myer.com.au/search?pageNumber=4&query=lips,Clarins   Hydra-Essentiel Moisture Replenishing Lip Balm 15ml ,https://www.myer.com.au//p/clarins-clarins-hydra-essentiel-moisture-repairing-lip-balm-15ml,,$35.00,https://myer-media.com.au/wcsstore/MyerCatalogAssetStore/images/15/150/1457/190/3/588818170/588818170_1_360x464.webp
https://www.myer.com.au/search?pageNumber=4&query=lips,M.A.C   Mini Lipglass Lip Gloss ,https://www.myer.com.au//p/mac-lipglass-clear-mini-m∙a∙c,,$26.00,https://myer-media.com.au/wcsstore/MyerCatalogAssetStore/images/15/154/1453/90/22/786766330/786766330_1_360x464.webp
https://www.myer.com.au/search?pageNumber=4&query=lips,Clarins   My Sweety Balm Lip Balm ,https://www.myer.com.au//p/clarins-my-swety-balm,,$27.00,https://myer-media.com.au/wcsstore/MyerCatalogAssetStore/images/15/150/1457/190/3/824416840/824416840_1_360x464.webp
https://www.myer.com.au/search?pageNumber=4&query=lips,Tom Ford   Lip Color Satin Matte Lipstick ,https://www.myer.com.au//p/tom-ford-lip-color-satin-matte-lipstick,,$82.00,https://myer-media.com.au/wcsstore/MyerCatalogAssetStore/images/15/151/1673/102/3/978077260/978077260_Colour_978071320_1_360x464.webp
https://www.myer.com.au/search?pageNumber=4&query=lips,Eco Tan   Lipstick ,https://www.myer.com.au//p/eco-tan-lipstick,,$29.95,https://myer-media.com.au/wcsstore/MyerCatalogAssetStore/images/15/156/1653/100/5/952935490/952935490_Colour_952936750_1_360x464.webp
https://www.myer.com.au/search?pageNumber=4&query=lips,Bobbi Brown   Art Stick Lipstick ,https://www.myer.com.au//p/bobbi-brown-bare--nude-art-stick-392889520,,$53.00,https://myer-media.com.au/wcsstore/MyerCatalogAssetStore/images/15/154/1458/140/22/392889520/392889520_Colour_213920380_1_360x464.webp
https://www.myer.com.au/search?pageNumber=4&query=lips,Revlon   Super Lustrous Lipstick ,https://www.myer.com.au//p/revlon-super-lustrous-lipstick,,$24.95,https://myer-media.com.au/wcsstore/MyerCatalogAssetStore/images/15/154/1481/160/22/763781140/763782130_1_360x464.webp
https://www.myer.com.au/search?pageNumber=4&query=lips,Clarins   Velvet Lip Perfector Lip Gloss ,https://www.myer.com.au//p/clarins-velvet-lip-perfector,,$40.00,https://myer-media.com.au/wcsstore/MyerCatalogAssetStore/images/15/150/1457/180/22/764170480/764170480_Colour_764175430_1_360x464.webp
https://www.myer.com.au/search?pageNumber=4&query=lips,M.A.C   Powder Kiss Velvet Blur Slim Lipstick ,https://www.myer.com.au//p/mac-powder-kiss-velvet-blur-slim-lipstick,,$44.00,https://myer-media.com.au/wcsstore/MyerCatalogAssetStore/images/15/154/1453/90/22/945913330/945913330_1_360x464.webp
https://www.myer.com.au/search?pageNumber=4&query=lips,Bobbi Brown   Crushed Creamy Color for Cheeks & Lips ,https://www.myer.com.au//p/bobbi-brown-crushed-creamy-color-for-cheks-lips,,$58.00,https://myer-media.com.au/wcsstore/MyerCatalogAssetStore/images/15/154/1458/140/21/888709330/888709330_Colour_888712570_1_360x464.webp
https://www.myer.com.au/search?pageNumber=4&query=lips,Revlon   Luscious Lips Set ,https://www.myer.com.au//p/revlon-luscious-lips-set,,$29.95,https://myer-media.com.au/wcsstore/MyerCatalogAssetStore/images/15/154/1481/160/22/893875510/893875510_1_360x464.webp
https://www.myer.com.au/search?pageNumber=4&query=lips,Eco Tan   Already Beautiful Christmas Pack 2022 ,https://www.myer.com.au//p/eco-tan-already-beautiful-christmas-pack-2022,,$94.85,https://myer-media.com.au/wcsstore/MyerCatalogAssetStore/images/15/156/1653/100/3/954500590/954500590_1_360x464.webp
https://www.myer.com.au/search?pageNumber=4&query=lips,Givenchy   Le Rouge Deep Velvet Powdery Matte High Pigmentation Lipstick ,https://www.myer.com.au//p/givenchy-le-rouge-dep-velvet-powdery-matte-high-pigmentation,,$62.00,https://myer-media.com.au/wcsstore/MyerCatalogAssetStore/images/15/151/1634/724/22/786421720/786421720_Colour_786427480_1_360x464.webp
https://www.myer.com.au/search?pageNumber=4&query=lips,M.A.C   Lip Liner Pencil ,https://www.myer.com.au//p/mac-lip-liner-pencil,,$35.00,https://myer-media.com.au/wcsstore/MyerCatalogAssetStore/images/15/154/1453/90/22/966432520/966432520_Colour_966444940_1_360x464.webp
https://www.myer.com.au/search?pageNumber=4&query=lips,Clarins   My Lovely Gloss Lip Gloss ,https://www.myer.com.au//p/clarins-my-lovely-gloss,,$27.00,https://myer-media.com.au/wcsstore/MyerCatalogAssetStore/images/15/150/1457/190/3/824416930/824416930_Colour_824407300_1_360x464.webp
https://www.myer.com.au/search?pageNumber=4&query=lips,Givenchy   Le Rouge Intense Silk Lipstick 3.4g Christmas Collection ,https://www.myer.com.au//p/givenchy-le-rouge-intense-silk-lipstick-34g-christmas-collection,,$68.00,https://myer-media.com.au/wcsstore/MyerCatalogAssetStore/images/15/151/1634/724/22/941826160/941826160_1_360x464.webp
https://www.myer.com.au/search?pageNumber=4&query=lips,Yves Saint Laurent   Rouge Pur Couture Vernis A Levres Lipstick ,https://www.myer.com.au//p/yves-saint-laurent-Vernis-A-Levres,,$65.00,https://myer-media.com.au/wcsstore/MyerCatalogAssetStore/images/15/151/1626/100/22/421633090/421633090_Colour_421635340_1_360x464.webp
https://www.myer.com.au/search?pageNumber=4&query=lips,HERMÈS   Rouge Hermès Poppy Lip Shine Refill ,https://www.myer.com.au//p/herm-200s-rouge-herm-232s-poppy-lip-shine-refill,,$65.00,https://myer-media.com.au/wcsstore/MyerCatalogAssetStore/images/15/151/1637/11/22/851537890/851537890_1_1_360x464.webp
https://www.myer.com.au/search?pageNumber=4&query=lips,Skinceuticals   Antioxidant Lip Repair ,https://www.myer.com.au//p/skinceuticals-antioxidant-lip-repair,,$80.00,https://myer-media.com.au/wcsstore/MyerCatalogAssetStore/images/15/150/1682/101/2/915417730/915417730_1_360x464.webp
https://www.myer.com.au/search?pageNumber=5&query=lips,Bobbi Brown   Luxe Lip Colour ,https://www.myer.com.au//p/bobbi-brown-luxe-lip-colour,,$61.00,https://myer-media.com.au/wcsstore/MyerCatalogAssetStore/images/15/154/1458/140/22/945945550/945945550_Colour_945950230_1_360x464.webp
https://www.myer.com.au/search?pageNumber=5&query=lips,Yves Saint Laurent   Rouge Pur Couture The Bold Lipstick ,https://www.myer.com.au//p/yves-saint-laurent-rouge-pur-couture-the-bold-lipstick,,$65.00,https://myer-media.com.au/wcsstore/MyerCatalogAssetStore/images/15/151/1626/100/22/946417150/946417150_Colour_946411930_1_360x464.webp
https://www.myer.com.au/search?pageNumber=5&query=lips,Lab Series   Daily Rescue Lip Balm ,https://www.myer.com.au//p/lab-series-daily-rescue-lip-balm,,$18.00,https://myer-media.com.au/wcsstore/MyerCatalogAssetStore/images/15/156/1653/103/6/955900540/955900540_1_360x464.webp
https://www.myer.com.au/search?pageNumber=5&query=lips,CHANEL  LE LIFT LIP AND CONTOUR CARE Smooths – Firms – Plumps ,https://www.myer.com.au//p/chanel-smoths-firms-plumps,,$100.00,https://myer-media.com.au/wcsstore/MyerCatalogAssetStore/images/15/151/1636/700/1/851088700/851088700_1_1_360x464.webp
https://www.myer.com.au/search?pageNumber=5&query=lips,Yves Saint Laurent   Rouge Pur Couture Lipstick ,https://www.myer.com.au//p/yves-saint-laurent-rouge-pur-couture-699218560-1,,$65.00,https://myer-media.com.au/wcsstore/MyerCatalogAssetStore/images/15/151/1626/100/22/699218560/699218560_Colour_924030110_1_2_360x464.webp
https://www.myer.com.au/search?pageNumber=5&query=lips,CHANEL  LE ROUGE DUO ULTRA TENUE Ultrawear Liquid Lip Colour ,https://www.myer.com.au//p/chanel-beauty-ultrawear-liquid-lip-colour-637257970-1,,$65.00,https://myer-media.com.au/wcsstore/MyerCatalogAssetStore/images/15/151/1636/11/22/637257970/637257970_Colour_637251040_1_2_360x464.webp
https://www.myer.com.au/search?pageNumber=5&query=lips,"CHANEL  ROUGE COCO BAUME A Hydrating Tinted Lip Balm That Offers Buildable Colour For Better-Looking Lips, Day After Day ",https://www.myer.com.au//p/chanel-hydrating-beautifying-tinted-lip-balm,,$57.00,https://myer-media.com.au/wcsstore/MyerCatalogAssetStore/images/15/151/1636/11/22/887604490/887604490_Colour_887599360_1_1_360x464.webp
https://www.myer.com.au/search?pageNumber=5&query=lips,DIOR   Dior Addict Couture Lipstick Case Limited Edition ,https://www.myer.com.au//p/dior-dior-addict-couture-lipstick-case-limited-edition,,$43.00,https://myer-media.com.au/wcsstore/MyerCatalogAssetStore/images/15/151/1635/1/22/938676520/938676520_1_360x464.webp
https://www.myer.com.au/search?pageNumber=5&query=lips,DIOR   Rouge Dior Ultra Care Liquid Lipstick ,https://www.myer.com.au//p/dior-rouge-dior-ultra-care-liquid,,$60.00,https://myer-media.com.au/wcsstore/MyerCatalogAssetStore/images/15/151/1635/1/22/718482340/718482340_Colour_718497280_1_360x464.webp
https://www.myer.com.au/search?pageNumber=5&query=lips,Yves Saint Laurent   Rouge Pur Couture The Slim Glow Matte Lipstick ,https://www.myer.com.au//p/yves-saint-laurent-rouge-pur-couture-the-slim-glow-matte,,$64.00,https://myer-media.com.au/wcsstore/MyerCatalogAssetStore/images/15/151/1626/100/22/786743110/786743110_Colour_786749320_1_360x464.webp
https://www.myer.com.au/search?pageNumber=5&query=lips,Givenchy   Le Rose Perfecto Lip Balm ,https://www.myer.com.au//p/givenchy-colour-beautifying-lip-balm,,$59.00,https://myer-media.com.au/wcsstore/MyerCatalogAssetStore/images/15/151/1634/724/22/738643150/738643150_Colour_738671950_1_360x464.webp
https://www.myer.com.au/search?pageNumber=5&query=lips,Giorgio Armani   Lip Maestro Mediterranea Liquid Lipstick ,https://www.myer.com.au//p/giorgio-armani-lip-maestro-mediterranea-liquid-lipstick,,$66.00,https://myer-media.com.au/wcsstore/MyerCatalogAssetStore/images/15/151/1666/100/4/891808030/891808030_Colour_891804880_1_360x464.webp
https://www.myer.com.au/search?pageNumber=5&query=lips,Giorgio Armani   Lip Maestro Midi Set ,https://www.myer.com.au//p/giorgio-armani-lip-maestro-midi-set-851857390--1,,$93.00,https://myer-media.com.au/wcsstore/MyerCatalogAssetStore/images/15/151/1666/100/4/851857390/851857390_1_360x464.webp
https://www.myer.com.au/search?pageNumber=5&query=lips,Natio   Intense Colour Lip Crayon Lipstick ,https://www.myer.com.au//p/natio-natio-intense-colour-lip-crayon---earthy-nude,,$12.95,https://myer-media.com.au/wcsstore/MyerCatalogAssetStore/images/15/150/1674/101/3/589136950/589136950_Colour_589140370_1_360x464.webp
https://www.myer.com.au/search?pageNumber=5&query=lips,Estée Lauder   Pure Color Desire Rouge Excess Lipstick ,https://www.myer.com.au//p/estee-lauder-este-201;-lauder-pure-color-desire-lipstick-111-unspeakable-633682090-1,,$68.00,https://myer-media.com.au/wcsstore/MyerCatalogAssetStore/images/15/150/1456/11/22/633682090/633682090_Colour_633670480_1_360x464.webp
https://www.myer.com.au/search?pageNumber=5&query=lips,Tom Ford   Lip Color Ultra Shine Lipstick ,https://www.myer.com.au//p/tom-ford-lip-color-ultra-shine-lipstick-978074920--1,,$84.00,https://myer-media.com.au/wcsstore/MyerCatalogAssetStore/images/15/151/1673/102/3/978074920/978074920_1_1_360x464.webp
https://www.myer.com.au/search?pageNumber=5&query=lips,HERMÈS   Rouge Hermes Matte Lipstick Limited Edition ,https://www.myer.com.au//p/herm-200s-rouge-hermes-matte-lipstick-limited-edition,,$120.00,https://myer-media.com.au/wcsstore/MyerCatalogAssetStore/images/15/151/1637/11/3/942430060/942430060_Colour_942419710_1_360x464.webp
https://www.myer.com.au/search?pageNumber=5&query=lips,Chi Chi   Gloss a la Creme Lip Gloss ,https://www.myer.com.au//p/chi-chi-gloss-a-la-creme-lip-gloss-864761230-1,,$12.95,https://myer-media.com.au/wcsstore/MyerCatalogAssetStore/images/15/156/1652/772/23/864761230/864761230_1_360x464.webp
https://www.myer.com.au/search?pageNumber=5&query=lips,Lancôme   L'Absolu Rouge Matte Lipstick ,https://www.myer.com.au//p/lanc-244me-labsolu-rouge-matte-lipstick,,$65.00,https://myer-media.com.au/wcsstore/MyerCatalogAssetStore/images/15/150/1452/11/22/854015680/854015680_1_360x464.webp
https://www.myer.com.au/search?pageNumber=5&query=lips,Givenchy   Le Rose Perfecto Liquide Balm 6ml Lip Balm ,https://www.myer.com.au//p/givenchy-le-rose-perfecto-liquide-balm-6ml,,$57.00,https://myer-media.com.au/wcsstore/MyerCatalogAssetStore/images/15/151/1634/724/22/761677390/761677390_Colour_761684500_1_360x464.webp
https://www.myer.com.au/search?pageNumber=5&query=lips,CHANEL  ROUGE ALLURE VELVET Luminous Matte Lip Colour ,https://www.myer.com.au//p/chanel-luminous-matte-lip-colour-419762440-1,,$65.00,https://myer-media.com.au/wcsstore/MyerCatalogAssetStore/images/15/151/1636/11/22/965065610_155953270/419762440_Colour_978037480_1_360x464.webp
https://www.myer.com.au/search?pageNumber=5&query=lips,Benefit   Benetint Cheek & Lip Tint ,https://www.myer.com.au//p/benefit-benetint-chek-lip-stain,,$38.00,https://myer-media.com.au/wcsstore/MyerCatalogAssetStore/images/15/154/1494/20/21/718620670/718620670_1_4_360x464.webp
https://www.myer.com.au/search?pageNumber=5&query=lips,Lancôme   Le Lip Liner ,https://www.myer.com.au//p/lancome-le-lip-liner,,$51.00,https://myer-media.com.au/wcsstore/MyerCatalogAssetStore/images/15/150/1452/11/22/523280440/523280440_Colour_523282780_1_360x464.webp
https://www.myer.com.au/search?pageNumber=5&query=lips,DIOR   Rouge Dior Balm Refill ,https://www.myer.com.au//p/dior-rouge-dior-balm-refill,,$52.00,https://myer-media.com.au/wcsstore/MyerCatalogAssetStore/images/15/151/1635/1/22/852125410/852125410_Colour_852116230_1_360x464.webp
https://www.myer.com.au/search?pageNumber=5&query=lips,Yves Saint Laurent   Tatouage Couture Velvet Cream Lipstick ,https://www.myer.com.au//p/yves-saint-laurent-tatouage-couture-velvet-cream,,$65.00,https://myer-media.com.au/wcsstore/MyerCatalogAssetStore/images/15/151/1626/100/22/768552670/768552670_Colour_768557980_1_360x464.webp
https://www.myer.com.au/search?pageNumber=5&query=lips,Bobbi Brown   Luxe Matte Lip Color ,https://www.myer.com.au//p/luxe-matte-lip-color-545820130,,$60.00,https://myer-media.com.au/wcsstore/MyerCatalogAssetStore/images/15/154/1458/140/22/545820130/545820130_Colour_545832820_1_360x464.webp
https://www.myer.com.au/search?pageNumber=5&query=lips,Tom Ford   Lip Color Lipstick ,https://www.myer.com.au//p/tom-ford-beauty-lip-color-817542460-1,,$84.00,https://myer-media.com.au/wcsstore/MyerCatalogAssetStore/images/15/151/1673/102/3/817542460/817542460_1_360x464.webp
https://www.myer.com.au/search?pageNumber=5&query=lips,M.A.C   Matte Lipstick ,https://www.myer.com.au//p/mac-matte-lipstick-945912430-1,,$35.00,https://myer-media.com.au/wcsstore/MyerCatalogAssetStore/images/15/154/1453/90/22/945912430/945912430_1_360x464.webp
https://www.myer.com.au/search?pageNumber=5&query=lips,Bobbi Brown   Crushed Liquid Lipstick ,https://www.myer.com.au//p/bobbi-brown-crushed-liquid-lip-smoothie-move,,$53.00,https://myer-media.com.au/wcsstore/MyerCatalogAssetStore/images/15/154/1458/140/22/671924800/671924800_Colour_Smoothie Move_1_360x464.webp
https://www.myer.com.au/search?pageNumber=5&query=lips,INIKA Organic   Lipstick ,https://www.myer.com.au//p/inika-organic-lipstick,,$42.00,https://myer-media.com.au/wcsstore/MyerCatalogAssetStore/images/15/156/1652/780/3/906643720/906643720_Colour_906635710_1_360x464.webp
https://www.myer.com.au/search?pageNumber=5&query=lips,Revlon   Love Lip Set ,https://www.myer.com.au//p/revlon-love-lip-set,,$34.95,https://myer-media.com.au/wcsstore/MyerCatalogAssetStore/images/15/154/1481/160/22/893877670/893877670_1_360x464.webp
https://www.myer.com.au/search?pageNumber=5&query=lips,Bobbi Brown   Luxe Defining Lipstick ,https://www.myer.com.au//p/bobbi-brown-luxe-defining-lipstick,,$60.00,https://myer-media.com.au/wcsstore/MyerCatalogAssetStore/images/15/154/1458/140/22/785934190/785934190_Colour_785947060_1_360x464.webp
https://www.myer.com.au/search?pageNumber=5&query=lips,DIOR   Contour Lip Liner Pencil ,https://www.myer.com.au//p/dior-beaute-182630350--1,,$51.00,https://myer-media.com.au/wcsstore/MyerCatalogAssetStore/images/15/151/1635/1/22/182630350_182632150/182630350_182632150_Colour_787043530_1_360x464.webp
https://www.myer.com.au/search?pageNumber=5&query=lips,CHANEL  ROUGE COCO Ultra Hydrating Lip Colour ,https://www.myer.com.au//p/ultra-hydrating-lip-colour-887681360-287519950,,$65.00,https://myer-media.com.au/wcsstore/MyerCatalogAssetStore/images/15/151/1636/11/22/887681360_287519950/887681360_287519950_Colour_287578000_1_2_360x464.webp
https://www.myer.com.au/search?pageNumber=5&query=lips,Natio   Moisturising SPF50+ Lip Balm 4g ,https://www.myer.com.au//p/natio-moisturising-lip-balm-spf-50-43-4g,,$5.95,https://myer-media.com.au/wcsstore/MyerCatalogAssetStore/images/15/150/1674/101/3/817954930/817954930_1_1_360x464.webp
https://www.myer.com.au/search?pageNumber=5&query=lips,Bobbi Brown   Luxe Lip Color Lipstick ,https://www.myer.com.au//p/bobbi-brown-luxe-lip-color-lipstick,,$58.00,https://myer-media.com.au/wcsstore/MyerCatalogAssetStore/images/15/154/1458/140/22/965441890/965441890_Colour_965443420_1_360x464.webp
https://www.myer.com.au/search?pageNumber=5&query=lips,Givenchy   Gloss Interdit Vinyl Lip Gloss ,https://www.myer.com.au//p/givenchy-gloss-interdit-vinyl,,$52.00,https://myer-media.com.au/wcsstore/MyerCatalogAssetStore/images/15/151/1634/724/22/738641800/738641800_Colour_738666100_1_1_360x464.webp
https://www.myer.com.au/search?pageNumber=5&query=lips,Givenchy   Le Rouge Deep Velvet Lipstick ,https://www.myer.com.au//p/givenchy-le-rouge-dep-velvet,,$65.00,https://myer-media.com.au/wcsstore/MyerCatalogAssetStore/images/15/151/1634/724/22/738647110/738647110_Colour_738671410_1_1_360x464.webp
https://www.myer.com.au/search?pageNumber=5&query=lips,Bobbi Brown   Luxe Lip Color ,https://www.myer.com.au//p/bobbi-brown-bobbi-brown-bellini-luxe-lip-color,,$59.00,https://myer-media.com.au/wcsstore/MyerCatalogAssetStore/images/15/154/1458/140/22/435700360/435700360_Colour_435691900_1_1_360x464.webp
https://www.myer.com.au/search?pageNumber=5&query=lips,Givenchy   Le Rouge Sheer Velvet Lipstick ,https://www.myer.com.au//p/givenchy-le-rouge-sher-velvet-lipstick,,$68.00,https://myer-media.com.au/wcsstore/MyerCatalogAssetStore/images/15/151/1634/724/22/941824990/941824990_Colour_941817970_1_360x464.webp
https://www.myer.com.au/search?pageNumber=5&query=lips,Lancôme   Absolue Rouge Sheer Lipstick ,https://www.myer.com.au//p/lancome-absolue-rouge-sheer,,$55.00,https://myer-media.com.au/wcsstore/MyerCatalogAssetStore/images/15/150/1452/11/22/460494460/460494460_Colour_460500220_1_360x464.webp
https://www.myer.com.au/search?pageNumber=5&query=lips,M.A.C   Lip Pencil ,https://www.myer.com.au//p/mac-lip-pencil-289725040-1,,$34.00,https://myer-media.com.au/wcsstore/MyerCatalogAssetStore/images/15/154/1453/90/22/289725040/289725040_1_360x464.webp
https://www.myer.com.au/search?pageNumber=5&query=lips,CHANEL  ROUGE ALLURE LAQUE Ultrawear Shine Liquid Lip Colour ,https://www.myer.com.au//p/chanel-ultrawear-shine-liquid-lip-colour,,$65.00,https://myer-media.com.au/wcsstore/MyerCatalogAssetStore/images/15/151/1636/11/22/782527870/782527870_Colour_782539840_1_2_360x464.webp
https://www.myer.com.au/search?pageNumber=5&query=lips,M.A.C   Lip Pencil ,https://www.myer.com.au//p/mac-lip-pencil-893079640-1,,$33.00,https://myer-media.com.au/wcsstore/MyerCatalogAssetStore/images/15/154/1453/90/22/893079640/893079640_Colour_893072440_1_360x464.webp
https://www.myer.com.au/search?pageNumber=5&query=lips,Giorgio Armani   Ecstasy Mirror Lip Lacquer Lipstick ,https://www.myer.com.au//p/giorgio-armani-ecstasy-mirror-lip-lacquer,,$66.00,https://myer-media.com.au/wcsstore/MyerCatalogAssetStore/images/15/151/1666/100/4/786637630/786637630_Colour_786640870_1_360x464.webp
https://www.myer.com.au/search?pageNumber=5&query=lips,Givenchy   Lip Liner with Sharpener ,https://www.myer.com.au//p/givenchy-lip-liner-with-sharpener,,$45.00,https://myer-media.com.au/wcsstore/MyerCatalogAssetStore/images/15/151/1634/724/22/738640270/738640270_Colour_738664570_1_1_360x464.webp
https://www.myer.com.au/search?pageNumber=5&query=lips,CHANEL  ROUGE ALLURE Luminous Intense Lip Colour ,https://www.myer.com.au//p/chanel-luminous-intense-lip-colour,,$65.00,https://myer-media.com.au/wcsstore/MyerCatalogAssetStore/images/15/151/1636/11/22/128637820_128639350/128637820_128639350_Colour_128639530_1_360x464.webp
https://www.myer.com.au/search?pageNumber=5&query=lips,Lancôme   Absolue Rouge Matte ,https://www.myer.com.au//p/lancome-absolue-rouge-matte,,$63.00,https://myer-media.com.au/wcsstore/MyerCatalogAssetStore/images/15/150/1452/11/22/460496530/460496530_Colour_460502560_1_360x464.webp
https://www.myer.com.au/search?pageNumber=6&query=lips,Natio   Shea Butter Lip Balm ,https://www.myer.com.au//p/natio-lipgloss---lipbalm,,$5.95,https://myer-media.com.au/wcsstore/MyerCatalogAssetStore/images/15/150/1674/101/3/600330430/600330430_1_1_360x464.webp
https://www.myer.com.au/search?pageNumber=6&query=lips,Elizabeth Arden   Beautiful Colour Lip Liner ,https://www.myer.com.au//p/elizabeth-arden-elizabeth-arden-beautiful-colour-lip-liner,,$34.00,https://myer-media.com.au/wcsstore/MyerCatalogAssetStore/images/15/150/1482/190/22/183470230/183470230_1_360x464.webp
https://www.myer.com.au/search?pageNumber=6&query=lips,Bobbi Brown   Luxe Lipstick ,https://www.myer.com.au//p/bobbi-brown-luxe-lipstick-965443060-1,,$60.00,https://myer-media.com.au/wcsstore/MyerCatalogAssetStore/images/15/154/1458/140/21/965443060/965443060_1_360x464.webp
https://www.myer.com.au/search?pageNumber=6&query=lips,M.A.C   Powder Kiss Lipstick ,https://www.myer.com.au//p/mac-powder-kiss-lipstick-945912160-1,,$39.00,https://myer-media.com.au/wcsstore/MyerCatalogAssetStore/images/15/154/1453/90/22/945912160/945912160_1_360x464.webp
https://www.myer.com.au/search?pageNumber=6&query=lips,Clarins   Lip Milky Mousse Lip Balm ,https://www.myer.com.au//p/lip-milky-mousse,,$34.00,https://myer-media.com.au/wcsstore/MyerCatalogAssetStore/images/15/150/1457/180/22/788756410/788756410_Colour_788761450_1_360x464.webp
https://www.myer.com.au/search?pageNumber=6&query=lips,HERMÈS   Rouge Hermès Matte Lipstick Refill ,https://www.myer.com.au//p/herm-200s-rouge-herm-232s-matte-lipstick-refill,,$65.00,https://myer-media.com.au/wcsstore/MyerCatalogAssetStore/images/15/151/1637/11/22/851537260/851537260_Colour_942428260_1_360x464.webp
https://www.myer.com.au/search?pageNumber=6&query=lips,Bondi Sands   SPF 50  Lip Balm Toasted Coconut 10g ,https://www.myer.com.au//p/bondi-sands-spf-50-lip-balm-toasted-coconut-10g,,$6.99,https://myer-media.com.au/wcsstore/MyerCatalogAssetStore/images/15/156/1653/103/6/968669380/968669380_1_360x464.webp
https://www.myer.com.au/search?pageNumber=6&query=lips,Givenchy   Le Rouge Night Noir Lipstick ,https://www.myer.com.au//p/givenchy-le-rouge-night-noir,,$61.00,https://myer-media.com.au/wcsstore/MyerCatalogAssetStore/images/15/151/1634/724/22/738646660/738646660_Colour_738670960_1_1_360x464.webp
https://www.myer.com.au/search?pageNumber=6&query=lips,Chi Chi   Shea Butter Trio Lip Balm ,https://www.myer.com.au//p/chi-chi-shea-butter-lip-balm-trio-cherry-grape-blueberry,,$12.00,https://myer-media.com.au/wcsstore/MyerCatalogAssetStore/images/15/156/1652/772/23/793823590/793823590_1_360x464.webp
https://www.myer.com.au/search?pageNumber=6&query=lips,Chi Chi   Shea Butter Trio Lip Balm ,https://www.myer.com.au//p/chi-chi-shea-butter-lip-balm-trio-lime-strawberry-mandarin,,$12.00,https://myer-media.com.au/wcsstore/MyerCatalogAssetStore/images/15/156/1652/772/23/793823500/793823500_1_360x464.webp
https://www.myer.com.au/search?pageNumber=6&query=lips,Bobbi Brown   Lip Liner Pencil ,https://www.myer.com.au//p/lip-pencil-262964260,,$53.00,https://myer-media.com.au/wcsstore/MyerCatalogAssetStore/images/15/154/1458/140/22/262964260_262964440/262964260_262964440_Colour_262964440_1_360x464.webp
https://www.myer.com.au/search?pageNumber=6&query=lips,M.A.C   Powder Kiss Liquid Lipcolour ,https://www.myer.com.au//p/mac-powder-kiss-liquid-lipcolour-945912070-1,,$47.00,https://myer-media.com.au/wcsstore/MyerCatalogAssetStore/images/15/154/1453/90/22/945912070/945912070_1_360x464.webp
https://www.myer.com.au/search?pageNumber=6&query=lips,HERMÈS   Rose Hermès Rosy Lip Enhancer Refill ,https://www.myer.com.au//p/herm-200s-rose-herm-232s-rosy-lip-enhancer-refill,,$65.00,https://myer-media.com.au/wcsstore/MyerCatalogAssetStore/images/15/151/1637/11/22/851535730/851535730_Colour_851528620_1_1_360x464.webp
https://www.myer.com.au/search?pageNumber=6&query=lips,Organik Botanik   Splotch Lip Balm Manuka Honey 20g ,https://www.myer.com.au//p/organik-botanik-splotch-lip-balm-manuka-honey-20g,,$7.95,https://myer-media.com.au/wcsstore/MyerCatalogAssetStore/images/15/156/1616/38/3/731546920/731546920_1_1_360x464.webp
https://www.myer.com.au/search?pageNumber=6&query=lips,CHANEL  N°1 DE CHANEL LIP AND CHEEK BALM ,https://www.myer.com.au//p/chanel-lip-and-cheek-balm,,$75.00,https://myer-media.com.au/wcsstore/MyerCatalogAssetStore/images/15/151/1636/11/21/887608090/887608090_Colour_887602960_1_360x464.webp
https://www.myer.com.au/search?pageNumber=6&query=lips,SHAKEUP   Lip Life To The Full Volumising & Moisturising Lip Gel ,https://www.myer.com.au//p/shakeup-lip-life-to-the-full-volumising-moisturising-lip-gel,,$34.99,https://myer-media.com.au/wcsstore/MyerCatalogAssetStore/images/15/156/1653/103/2/911225350/911225350_1_360x464.webp
https://www.myer.com.au/search?pageNumber=6&query=lips,Organik Botanik   Splotch Strawberry Lip Balm 20g ,https://www.myer.com.au//p/organik-botanik-splotch-strawberry-lip-balm-20g,,$7.95,https://myer-media.com.au/wcsstore/MyerCatalogAssetStore/images/15/156/1616/38/2/893954890/893954890_1_360x464.webp
https://www.myer.com.au/search?pageNumber=6&query=lips,Clarins   Joli Rouge Lacquer Lipstick ,https://www.myer.com.au//p/joli-rouge-lacquer-671758480,,$43.00,https://myer-media.com.au/wcsstore/MyerCatalogAssetStore/images/15/150/1457/180/22/671758480/671758480_Colour_671764600_1_360x464.webp
https://www.myer.com.au/search?pageNumber=6&query=lips,CHANEL  LE CRAYON LÈVRES Longwear Lip Pencil ,https://www.myer.com.au//p/chanel-le-crayon-l-200vres-longwear-lip-pencil,,$55.00,https://myer-media.com.au/wcsstore/MyerCatalogAssetStore/images/15/151/1636/11/22/755908750/755908750_Colour_755912710_1_3_360x464.webp
https://www.myer.com.au/search?pageNumber=6&query=lips,Organik Botanik   Splotch Coconut Oil & Vitamin E Lip Balm 20g ,https://www.myer.com.au//p/organik-botanik-splotch-coconut-oil-vitamin-e-lip-balm-20g,,$7.95,https://myer-media.com.au/wcsstore/MyerCatalogAssetStore/images/15/156/1616/38/2/893954800/893954800_1_360x464.webp
https://www.myer.com.au/search?pageNumber=6&query=lips,Santa Maria Novella   Idratante Labbra Lip Moisturiser ,https://www.myer.com.au//p/santa-maria-novella-lip-moisturiser-idratante-labbra-,,$44.00,https://myer-media.com.au/wcsstore/MyerCatalogAssetStore/images/15/151/1449/100/1/882483670/882483670_1_360x464.webp
https://www.myer.com.au/search?pageNumber=6&query=lips,Givenchy   Encre Interdite ,https://www.myer.com.au//p/givenchy-lip-ink,,$53.00,https://myer-media.com.au/wcsstore/MyerCatalogAssetStore/images/15/151/1634/724/22/738639460/738639460_Colour_738663760_1_1_360x464.webp
https://www.myer.com.au/search?pageNumber=6&query=lips,INIKA Organic   Lipstick Crayon ,https://www.myer.com.au//p/inika-organic-lipstick-crayon,,$37.00,https://myer-media.com.au/wcsstore/MyerCatalogAssetStore/images/15/156/1652/780/3/906644260/906644260_Colour_906636250_1_360x464.webp
https://www.myer.com.au/search?pageNumber=6&query=lips,Chi Chi   Pop Gloss ,https://www.myer.com.au//p/chi-chi-pop-gloss-864761050-1,,$11.95,https://myer-media.com.au/wcsstore/MyerCatalogAssetStore/images/15/156/1652/772/23/864761050/864761050_1_360x464.webp
https://www.myer.com.au/search?pageNumber=6&query=lips,Chi Chi   Pop Gloss ,https://www.myer.com.au//p/chi-chi-pop-gloss-864760780-1,,$11.95,https://myer-media.com.au/wcsstore/MyerCatalogAssetStore/images/15/156/1652/772/23/864760780/864760780_1_360x464.webp
https://www.myer.com.au/search?pageNumber=6&query=lips,Givenchy   Le Rouge ,https://www.myer.com.au//p/givenchy-colour-le-rouge,,$65.00,https://myer-media.com.au/wcsstore/MyerCatalogAssetStore/images/15/151/1634/724/22/738643960/738643960_Colour_738668260_1_1_360x464.webp
https://www.myer.com.au/search?pageNumber=6&query=lips,CHANEL  ROUGE ALLURE L'EXTRAIT High-Intensity Lip Colour Concentrated Radiance and Care Refillable ,https://www.myer.com.au//p/chanel-high-intensity-lip-colour-concentrated-radiance-and-care-refillable,,$81.00,https://myer-media.com.au/wcsstore/MyerCatalogAssetStore/images/15/151/1636/11/22/888693310/888693310_Colour_888683950_1_360x464.webp
https://www.myer.com.au/search?pageNumber=6&query=lips,Bobbi Brown   Luxe Lip Color Lipstick ,https://www.myer.com.au//p/bobbi-brown-luxe-lip-color-853490170-1,,$58.00,https://myer-media.com.au/wcsstore/MyerCatalogAssetStore/images/15/154/1458/140/22/853490170/853490170_Colour_853498720_1_360x464.webp
https://www.myer.com.au/search?pageNumber=6&query=lips,Natio   Paw Paw Lip Balm ,https://www.myer.com.au//p/paw-paw-lip-balm-835356800-835357880,,$9.95,https://myer-media.com.au/wcsstore/MyerCatalogAssetStore/images/15/152/1652/771/37/835356800_835357880/835356800_835357880_1_360x464.webp
https://www.myer.com.au/search?pageNumber=6&query=lips,Chi Chi   Gloss a la Creme Lip Gloss ,https://www.myer.com.au//p/chi-chi-gloss-a-la-creme-lip-gloss,,$12.95,https://myer-media.com.au/wcsstore/MyerCatalogAssetStore/images/15/156/1652/772/23/864761140/864761140_1_360x464.webp
https://www.myer.com.au/search?pageNumber=6&query=lips,Chi Chi   Pop Gloss ,https://www.myer.com.au//p/chi-chi-pop-gloss-864760870-1,,$11.95,https://myer-media.com.au/wcsstore/MyerCatalogAssetStore/images/15/156/1652/772/23/864760870/864760870_1_360x464.webp
https://www.myer.com.au/search?pageNumber=6&query=lips,NIOD   Lip Bio-Lipid Concentrate Lip Balm ,https://www.myer.com.au//p/niod-lip-bio-lipid-concentrate,,$95.00,https://myer-media.com.au/wcsstore/MyerCatalogAssetStore/images/15/150/1559/101/1/503309170/503309170_1_1_360x464.webp
https://www.myer.com.au/search?pageNumber=6&query=lips,CHANEL  ROUGE ALLURE L’EXTRAIT - REFILL High-Intensity Lip Colour Concentrated Radiance and Care ,https://www.myer.com.au//p/chanel-high-intensity-lip-colour-concentrated-radiance-and-care,,$59.00,https://myer-media.com.au/wcsstore/MyerCatalogAssetStore/images/15/151/1636/11/22/888694840/888694840_Colour_888685480_1_360x464.webp
https://www.myer.com.au/search?pageNumber=6&query=lips,Chi Chi   Pop Gloss ,https://www.myer.com.au//p/chi-chi-pop-gloss-864760960-1,,$11.95,https://myer-media.com.au/wcsstore/MyerCatalogAssetStore/images/15/156/1652/772/23/864760960/864760960_1_360x464.webp
https://www.myer.com.au/search?pageNumber=6&query=lips,"Clinique   Jumbo Take The Day Off For Lids, Lashes & Lips Makeup Remover ",https://www.myer.com.au//p/jumbo-take-the-day-off-makeup-remover-282462490-282472930,,$53.00,https://myer-media.com.au/wcsstore/MyerCatalogAssetStore/images/15/150/1454/210/6/282462490/282462490_1_1_360x464.webp
https://www.myer.com.au/search?pageNumber=6&query=lips,Elizabeth Arden   8 Hour Nourishing Gel Lip Balm ,https://www.myer.com.au//p/8-hour-nourishing-lip-balm-gel-125735860-156412720,,$32.00,https://myer-media.com.au/wcsstore/MyerCatalogAssetStore/images/15/1482/200/17/125735860_156412720/125735860_156412720_1_360x464.webp
https://www.myer.com.au/search?pageNumber=6&query=lips,Benefit   Playtint Cheek & Lip Tint ,https://www.myer.com.au//p/benefit-playtint-chek-lip-stain,,$38.00,https://myer-media.com.au/wcsstore/MyerCatalogAssetStore/images/15/154/1494/20/21/824368420/824368420_1_4_360x464.webp
https://www.myer.com.au/search?pageNumber=6&query=lips,Benefit   Flora Cheek & Lip Tint ,https://www.myer.com.au//p/benefit-flora-chek-lip-tint,,$38.00,https://myer-media.com.au/wcsstore/MyerCatalogAssetStore/images/15/154/1494/20/21/897902830/897902830_1_2_360x464.webp
https://www.myer.com.au/search?pageNumber=6&query=lips,CHANEL  ROUGE ALLURE LAQUE Ultrawear Shine Liquid Lip Colour ,https://www.myer.com.au//p/chanel-ultrawear-shine-liquid-lip-colour-940893940-1,,$65.00,https://myer-media.com.au/wcsstore/MyerCatalogAssetStore/images/15/151/1636/11/22/940893940/940893940_Colour_940887910_1_360x464.webp
https://www.myer.com.au/search?pageNumber=6&query=lips,CHANEL  ROUGE ALLURE VELVET LA COMÈTE The Limited-Edition Luminous Matte Lip Colour ,https://www.myer.com.au//p/the-limited-edition-luminous-matte-lip-colour-887603140,,$67.00,https://myer-media.com.au/wcsstore/MyerCatalogAssetStore/images/15/151/1636/11/22/782533000/887603140_Colour_887598010_1_1_360x464.webp
https://www.myer.com.au/search?pageNumber=6&query=lips,Tom Ford   Liquid Lip Luxe Matte ,https://www.myer.com.au//p/tom-ford-liquid-lip-luxe-matte,,$86.00,https://myer-media.com.au/wcsstore/MyerCatalogAssetStore/images/15/151/1673/102/3/978077530/978077530_Colour_978071680_1_360x464.webp
https://www.myer.com.au/search?pageNumber=6&query=lips,INIKA Organic   Lip Glaze ,https://www.myer.com.au//p/inika-organic-lip-glaze,,$37.00,https://myer-media.com.au/wcsstore/MyerCatalogAssetStore/images/15/156/1652/780/3/908000200/908000200_Colour_907999030_1_360x464.webp
https://www.myer.com.au/search?pageNumber=6&query=lips,Lancôme   L'Absolu Rouge Mademoiselle Shine Lipstick ,https://www.myer.com.au//p/lanc-212;me-671723830-1,,$63.00,https://myer-media.com.au/wcsstore/MyerCatalogAssetStore/images/15/150/1452/11/22/671723830/671723830_Colour_671717710_1_1_360x464.webp
https://www.myer.com.au/search?pageNumber=6&query=lips,Lancôme   Absolu Rouge Cream Lipstick ,https://www.myer.com.au//p/lanc--212;me-absolu-rouge-cream-06-460494550,,$65.00,https://myer-media.com.au/wcsstore/MyerCatalogAssetStore/images/15/150/1452/11/22/460494550/460494550_Colour_460503640_1_360x464.webp
https://www.myer.com.au/search?pageNumber=6&query=lips,CHANEL  ROUGE ALLURE INK FUSION Second-Skin Intense Matte Liquid Lip Colour ,https://www.myer.com.au//p/chanel-rouge-allure-ink-fusion-second-skin-intense-matte-liquid-lip-colour,,$65.00,https://myer-media.com.au/wcsstore/MyerCatalogAssetStore/images/15/151/1636/11/22/708866020/708866020_Colour_708847570_1_2_360x464.webp
https://www.myer.com.au/search?pageNumber=6&query=lips,Giorgio Armani   UV Master Primer ,https://www.myer.com.au//p/450606250,,$87.00,https://myer-media.com.au/wcsstore/MyerCatalogAssetStore/images/15/151/1666/100/3/450606250/450606250_Colour_450599590_1_360x464.webp
https://www.myer.com.au/search?pageNumber=6&query=lips,Clinique   Repairwear Intensive Lip Treatment ,https://www.myer.com.au//p/repairwear-intensive-lip-treatment-605388740-363536750,,$49.00,https://myer-media.com.au/wcsstore/MyerCatalogAssetStore/images/15/150/1454/210/6/605388740_363536750/605388740_363536750_1_360x464.webp
https://www.myer.com.au/search?pageNumber=6&query=lips,"Clinique   Take The Day Off Makeup Remover For Lids, Lashes & Lips ",https://www.myer.com.au//p/take-the-day-off-makeup-remover-for-lids-lashes-lips-204277630-877151180,,$40.00,https://myer-media.com.au/wcsstore/MyerCatalogAssetStore/images/15/150/1454/210/6/204277630_877151180/204277630_877151180_2_360x464.webp
https://www.myer.com.au/search?pageNumber=7&query=lips,Benefit   Lovetint Cheek & Lip Tint ,https://www.myer.com.au//p/benefit-lovetint-chek-lip-stain,,$38.00,https://myer-media.com.au/wcsstore/MyerCatalogAssetStore/images/15/154/1494/20/21/718621120/718621120_1_3_360x464.webp
https://www.myer.com.au/search?pageNumber=7&query=lips,M.A.C   Prep + Prime Lip ,https://www.myer.com.au//p/prep--prime-lip-607247710-338140940,,$35.00,https://myer-media.com.au/wcsstore/MyerCatalogAssetStore/images/15/1453/607247710_338140940_Colour_338140940_1_360x464.webp
https://www.myer.com.au/search?pageNumber=7&query=lips,Benefit   ChaCha Cheek & Lip Tint ,https://www.myer.com.au//p/benefit-chacha-tint-chek-lip-stain,,$38.00,https://myer-media.com.au/wcsstore/MyerCatalogAssetStore/images/15/154/1494/20/21/718620850/718620850_1_2_360x464.webp
https://www.myer.com.au/search?pageNumber=7&query=lips,"Clinique   Take The Day Off For Lids, Lashes & Lips 50ml Makeup Remover ",https://www.myer.com.au//p/clinique-640604350-1,,$21.00,https://myer-media.com.au/wcsstore/MyerCatalogAssetStore/images/15/150/1454/210/14/640604350/640604350_1_1_360x464.webp
https://www.myer.com.au/search?pageNumber=7&query=lips,CHANEL  DUAL-ENDED LIP BRUSH Nº300 Dual-Ended Lip Brush ,https://www.myer.com.au//p/chanel-dual-ended-lip-brush-n-186300,,$56.00,https://myer-media.com.au/wcsstore/MyerCatalogAssetStore/images/15/151/1636/11/21/761406490/761406490_1_2_360x464.webp
https://www.myer.com.au/search?pageNumber=7&query=lips,Clinique   Superbalm Lip Treatment ,https://www.myer.com.au//p/superbalm-lip-treatment-204277650-151026070,,$35.00,https://myer-media.com.au/wcsstore/MyerCatalogAssetStore/images/15/150/1454/210/6/204277650_151026070/204277650_151026070_1_1_360x464.webp
https://www.myer.com.au/search?pageNumber=7&query=lips,Benefit   Gogo Cheek & Lip Tint ,https://www.myer.com.au//p/benefit-gogo-tint-chek-lip-stain,,$38.00,https://myer-media.com.au/wcsstore/MyerCatalogAssetStore/images/15/154/1494/20/21/718620760/718620760_1_4_360x464.webp
https://www.myer.com.au/search?pageNumber=7&query=lips,Giorgio Armani   Designer Cream Foundation ,https://www.myer.com.au//p/450607150,,$145.00,https://myer-media.com.au/wcsstore/MyerCatalogAssetStore/images/15/151/1666/100/3/450607150/450607150_Colour_450600850_1_360x464.webp
https://www.myer.com.au/search?pageNumber=7&query=lips,Elizabeth Arden   All Gone Eye and Lip Makeup Remover ,https://www.myer.com.au//p/all-gone-eye-and-lip-makeup-remover-203886990-925272320,,$42.00,https://myer-media.com.au/wcsstore/MyerCatalogAssetStore/images/15/150/1482/200/17/203886990_925272320/203886990_925272320_1_360x464.webp
https://www.myer.com.au/search?pageNumber=7&query=lips,DIOR   Purifying French Water Lily Eye & Lip Makeup Remover 125ml ,https://www.myer.com.au//p/dior-purifying-french-water-lily-eye-lip-makeup-remover-125ml,,$65.00,https://myer-media.com.au/wcsstore/MyerCatalogAssetStore/images/15/151/1635/2/17/890784010/890784010_1_360x464.webp
https://www.myer.com.au/search?pageNumber=7&query=lips,DIOR   Backstage Retractable Lip Brush ,https://www.myer.com.au//p/backstage-retractable-lip-brush-31-635460310,,$50.00,https://myer-media.com.au/wcsstore/MyerCatalogAssetStore/images/15/151/1635/1/21/635460310/635460310_1_2_360x464.webp
https://www.myer.com.au/search?pageNumber=7&query=lips,Bobbi Brown   Pretty Powerful Pot Rouge Blush ,https://www.myer.com.au//p/bobbi-brown-pretty-powerful-pot-rouge-blush,,$60.00,https://myer-media.com.au/wcsstore/MyerCatalogAssetStore/images/15/154/1458/140/22/967086370/967086370_1_360x464.webp
https://www.myer.com.au/search?pageNumber=7&query=lips,Bobbi Brown   Retractable Lip Brush ,https://www.myer.com.au//p/bobbi-brown-retractable-lip-brush-607206610-1,,$56.00,https://myer-media.com.au/wcsstore/MyerCatalogAssetStore/images/15/154/1458/140/1/607206610/607206610_1_360x464.webp
https://www.myer.com.au/search?pageNumber=7&query=lips,M.A.C   Lip Conditioner ,https://www.myer.com.au//p/lip-conditioner-tube-608372420-397998690,,$34.00,https://myer-media.com.au/wcsstore/MyerCatalogAssetStore/images/154/1453/608372420_397998690_1_360x464.webp
https://www.myer.com.au/search?pageNumber=7&query=lips,CHANEL  ROUGE ALLURE L'EXTRAIT High-Intensity Lip Colour Concentrated Radiance and Care Refillable ,https://www.myer.com.au//p/chanel-high-intensity-lip-colour-concentrated-radiance-and-care-refillable-940894120-1,,$81.00,https://myer-media.com.au/wcsstore/MyerCatalogAssetStore/images/15/151/1636/11/22/940894120/940894120_Colour_940888090_1_360x464.webp
https://www.myer.com.au/search?pageNumber=7&query=lips,Skechers   Lace Up W/ Lip Printed Mesh Dvf Collab in black/pink ,https://www.myer.com.au//p/skechers-dvf-max-cushioning-elite-sneaker-in-black-pink,,$179.95,https://myer-media.com.au/wcsstore/MyerCatalogAssetStore/images/20/204/5372/205/1/968198410/968198410_1_360x464.webp
https://www.myer.com.au/search?pageNumber=7&query=lips,"CHANEL  ROUGE COCO FLASH Colour, Shine, Intensity in a Flash ",https://www.myer.com.au//p/chanel-rouge-coco-flash-colour-shine-intensity-in-a-flash,,$65.00,https://myer-media.com.au/wcsstore/MyerCatalogAssetStore/images/15/151/1636/11/22/675199540/761399560_Colour_675191800_1_2_360x464.webp
https://www.myer.com.au/search?pageNumber=7&query=lips,Bobbi Brown   Creamy Matte Lip Color ,https://www.myer.com.au//p/bobbi-brown-607206680--1,,$53.00,https://myer-media.com.au/wcsstore/MyerCatalogAssetStore/images/15/154/1458/140/22/607206680/607206680_Colour_Crushed Plum_1_360x464.webp
https://www.myer.com.au/search?pageNumber=7&query=lips,INIKA Organic   Lip & Cheek Cream ,https://www.myer.com.au//p/inika-organic-lip-chek-cream,,$49.00,https://myer-media.com.au/wcsstore/MyerCatalogAssetStore/images/15/156/1652/780/3/906641290/906641290_Colour_906633280_1_360x464.webp
https://www.myer.com.au/search?pageNumber=7&query=lips,Bobbi Brown   Lip Balm SPF 15 ,https://www.myer.com.au//p/lip-balm-spf15-607206490-336078700,,$41.00,https://myer-media.com.au/wcsstore/MyerCatalogAssetStore/images/15/154/1458/150/17/607206490_336078700/607206490_336078700_1_1_360x464.webp
https://www.myer.com.au/search?pageNumber=7&query=lips,CHANEL  ROUGE COCO GLOSS Moisturising Glossimer ,https://www.myer.com.au//p/chanel-beauty-rouge-coco-gloss-moisturizing-glossimer,,$59.00,https://myer-media.com.au/wcsstore/MyerCatalogAssetStore/images/15/151/1636/11/22/493229620/493229620_Colour_493237540_1_1_360x464.webp
https://www.myer.com.au/search?pageNumber=7&query=lips,Guess   Short Sleeve Guess Lips Logo R5 T-Shirt in Cream ,https://www.myer.com.au//p/guess-short-sleve-guess-lips-logo-r5-t-shirt-in-cream,,$79.95,https://myer-media.com.au/wcsstore/MyerCatalogAssetStore/images/45/451/2415/100/7/946475560/946475560_1_360x464.webp
https://www.myer.com.au/search?pageNumber=7&query=lips,HERMÈS   Rouge Hermes Lip Brush ,https://www.myer.com.au//p/herm-200s-rouge-hermes-lip-brush,,$130.00,https://myer-media.com.au/wcsstore/MyerCatalogAssetStore/images/15/151/1637/11/22/851535910/851535910_1_360x464.webp
https://www.myer.com.au/search?pageNumber=7&query=lips,Tom Ford   Lip Brush ,https://www.myer.com.au//p/tom-ford-beauty-642764980-1,,$78.00,https://myer-media.com.au/wcsstore/MyerCatalogAssetStore/images/15/151/1673/102/2/642764980/642764980_1_360x464.webp
https://www.myer.com.au/search?pageNumber=7&query=lips,Seed Heritage   Bunny Rainbow 3 Pack Lip Balm in Multi ,https://www.myer.com.au//p/seed-heritage-bunny-rainbow-3-pack-lip-balm-in-multi,,$9.95,https://myer-media.com.au/wcsstore/MyerCatalogAssetStore/images/70/711/8346/100/1/988303690/988303690_1_360x464.webp
https://www.myer.com.au/search?pageNumber=7&query=lips,CHANEL  ROUGE COCO GLOSS Top Coat ,https://www.myer.com.au//p/493230160,,$59.00,https://myer-media.com.au/wcsstore/MyerCatalogAssetStore/images/15/151/1636/11/22/493230160/493230160_Colour_493239250_1_2_360x464.webp
https://www.myer.com.au/search?pageNumber=7&query=lips,DIOR   Dior Vernis ,https://www.myer.com.au//p/dior-dior-vernis-852132430-1,,$44.00,https://myer-media.com.au/wcsstore/MyerCatalogAssetStore/images/15/151/1635/1/24/852132430/852132430_1_360x464.webp
https://www.myer.com.au/search?pageNumber=7&query=lips,CHANEL  ALLURE HOMME SPORT After Shave Lotion ,https://www.myer.com.au//p/chanel-after-shave-lotion-782533720-1,,$106.00,https://myer-media.com.au/wcsstore/MyerCatalogAssetStore/images/15/151/1636/720/21/782533720/782533720_1_1_360x464.webp
https://www.myer.com.au/search?pageNumber=7&query=lips,Giorgio Armani   Rouge d'Armani Matte Lipstick ,https://www.myer.com.au//p/giorgio-armani-rouge-d-armani-matte-644469310-1,,$46.20,https://myer-media.com.au/wcsstore/MyerCatalogAssetStore/images/15/151/1666/100/4/644469310/644469310_Colour_644463730_1_360x464.webp
https://www.myer.com.au/search?pageNumber=7&query=lips,M.A.C   Powder Kiss Liquid Lipcolor Lipstick ,https://www.myer.com.au//p/mac-powder-kiss-liquid-lipcolor-lipstick,,$48.00,https://myer-media.com.au/wcsstore/MyerCatalogAssetStore/images/15/154/1453/90/22/945914500/945914500_Colour_945931330_1_360x464.webp
