Title,ID,pro_url,price,imageUrl
Orinoco2 Mid,26161397,https://www.clarksusa.com/c/Orinoco2-Mid/p/26161397,$130.00,https://clarks.scene7.com/is/image/Pangaea2Build/26161397_W_1
Orinoco2 Up,26167568,https://www.clarksusa.com/c/Orinoco2-Up/p/26167568,$150.00,https://clarks.scene7.com/is/image/Pangaea2Build/26167568_W_1
Orianna Cap,26167966,https://www.clarksusa.com/c/Orianna-Cap/p/26167966,$180.00,https://clarks.scene7.com/is/image/Pangaea2Build/26167966_W_1
Clarkwell Hall,26167716,https://www.clarksusa.com/c/Clarkwell-Hall/p/26167716,$140.00,https://clarks.scene7.com/is/image/Pangaea2Build/26167716_W_1
Clarkwell Hall,26167718,https://www.clarksusa.com/c/Clarkwell-Hall/p/26167718,$140.00,https://clarks.scene7.com/is/image/Pangaea2Build/26167718_W_1
Clarkwell Hall,26167719,https://www.clarksusa.com/c/Clarkwell-Hall/p/26167719,$140.00,https://clarks.scene7.com/is/image/Pangaea2Build/26167719_W_1
Pure Hall,26167394,https://www.clarksusa.com/c/Pure-Hall/p/26167394,$110.00,https://clarks.scene7.com/is/image/Pangaea2Build/26167394_W_1
Pure Hall,26167795,https://www.clarksusa.com/c/Pure-Hall/p/26167795,$110.00,https://clarks.scene7.com/is/image/Pangaea2Build/26167795_W_1
Pure Hall,26167796,https://www.clarksusa.com/c/Pure-Hall/p/26167796,$110.00,https://clarks.scene7.com/is/image/Pangaea2Build/26167796_W_1
